IteraciÃ³n;J1;J2;J3;J4;J5;J6;J7;J8;J9;J10;J11;J12;J13;T1_Win;T2_Win;Set_Status
1;0;0;0;0;0;0;;;;;;;;0;6;Perdido
2;1;1;1;1;1;1;;;;;;;;6;0;Ganado
3;0;0;0;0;0;1;0;;;;;;;1;6;Perdido
4;0;0;0;0;1;0;0;;;;;;;1;6;Perdido
5;0;0;0;1;0;0;0;;;;;;;1;6;Perdido
6;0;0;1;0;0;0;0;;;;;;;1;6;Perdido
7;0;1;0;0;0;0;0;;;;;;;1;6;Perdido
8;0;1;1;1;1;1;1;;;;;;;6;1;Ganado
9;1;0;0;0;0;0;0;;;;;;;1;6;Perdido
1;1;0;1;1;1;1;1;;;;;;;6;1;Ganado
11;1;1;0;1;1;1;1;;;;;;;6;1;Ganado
12;1;1;1;0;1;1;1;;;;;;;6;1;Ganado
13;1;1;1;1;0;1;1;;;;;;;6;1;Ganado
14;1;1;1;1;1;0;1;;;;;;;6;1;Ganado
15;0;0;0;0;0;1;1;0;;;;;;2;6;Perdido
16;0;0;0;0;1;0;1;0;;;;;;2;6;Perdido
17;0;0;0;0;1;1;0;0;;;;;;2;6;Perdido
18;0;0;0;1;0;0;1;0;;;;;;2;6;Perdido
19;0;0;0;1;0;1;0;0;;;;;;2;6;Perdido
20;0;0;0;1;1;0;0;0;;;;;;2;6;Perdido
21;0;0;1;0;0;0;1;0;;;;;;2;6;Perdido
22;0;0;1;0;0;1;0;0;;;;;;2;6;Perdido
23;0;0;1;0;1;0;0;0;;;;;;2;6;Perdido
24;0;0;1;1;0;0;0;0;;;;;;2;6;Perdido
25;0;0;1;1;1;1;1;1;;;;;;6;2;Ganado
26;0;1;0;0;0;0;1;0;;;;;;2;6;Perdido
27;0;1;0;0;0;1;0;0;;;;;;2;6;Perdido
28;0;1;0;0;1;0;0;0;;;;;;2;6;Perdido
29;0;1;0;1;0;0;0;0;;;;;;2;6;Perdido
30;0;1;0;1;1;1;1;1;;;;;;6;2;Ganado
31;0;1;1;0;0;0;0;0;;;;;;2;6;Perdido
32;0;1;1;0;1;1;1;1;;;;;;6;2;Ganado
33;0;1;1;1;0;1;1;1;;;;;;6;2;Ganado
34;0;1;1;1;1;0;1;1;;;;;;6;2;Ganado
35;0;1;1;1;1;1;0;1;;;;;;6;2;Ganado
36;1;0;0;0;0;0;1;0;;;;;;2;6;Perdido
37;1;0;0;0;0;1;0;0;;;;;;2;6;Perdido
38;1;0;0;0;1;0;0;0;;;;;;2;6;Perdido
39;1;0;0;1;0;0;0;0;;;;;;2;6;Perdido
40;1;0;0;1;1;1;1;1;;;;;;6;2;Ganado
41;1;0;1;0;0;0;0;0;;;;;;2;6;Perdido
42;1;0;1;0;1;1;1;1;;;;;;6;2;Ganado
43;1;0;1;1;0;1;1;1;;;;;;6;2;Ganado
44;1;0;1;1;1;0;1;1;;;;;;6;2;Ganado
45;1;0;1;1;1;1;0;1;;;;;;6;2;Ganado
46;1;1;0;0;0;0;0;0;;;;;;2;6;Perdido
47;1;1;0;0;1;1;1;1;;;;;;6;2;Ganado
48;1;1;0;1;0;1;1;1;;;;;;6;2;Ganado
49;1;1;0;1;1;0;1;1;;;;;;6;2;Ganado
50;1;1;0;1;1;1;0;1;;;;;;6;2;Ganado
51;1;1;1;0;0;1;1;1;;;;;;6;2;Ganado
52;1;1;1;0;1;0;1;1;;;;;;6;2;Ganado
53;1;1;1;0;1;1;0;1;;;;;;6;2;Ganado
54;1;1;1;1;0;0;1;1;;;;;;6;2;Ganado
55;1;1;1;1;0;1;0;1;;;;;;6;2;Ganado
56;1;1;1;1;1;0;0;1;;;;;;6;2;Ganado
57;0;0;0;0;0;1;1;1;0;;;;;3;6;Perdido
58;0;0;0;0;1;0;1;1;0;;;;;3;6;Perdido
59;0;0;0;0;1;1;0;1;0;;;;;3;6;Perdido
60;0;0;0;0;1;1;1;0;0;;;;;3;6;Perdido
61;0;0;0;1;0;0;1;1;0;;;;;3;6;Perdido
62;0;0;0;1;0;1;0;1;0;;;;;3;6;Perdido
63;0;0;0;1;0;1;1;0;0;;;;;3;6;Perdido
64;0;0;0;1;1;0;0;1;0;;;;;3;6;Perdido
65;0;0;0;1;1;0;1;0;0;;;;;3;6;Perdido
66;0;0;0;1;1;1;0;0;0;;;;;3;6;Perdido
67;0;0;0;1;1;1;1;1;1;;;;;6;3;Ganado
68;0;0;1;0;0;0;1;1;0;;;;;3;6;Perdido
69;0;0;1;0;0;1;0;1;0;;;;;3;6;Perdido
70;0;0;1;0;0;1;1;0;0;;;;;3;6;Perdido
71;0;0;1;0;1;0;0;1;0;;;;;3;6;Perdido
72;0;0;1;0;1;0;1;0;0;;;;;3;6;Perdido
73;0;0;1;0;1;1;0;0;0;;;;;3;6;Perdido
74;0;0;1;0;1;1;1;1;1;;;;;6;3;Ganado
75;0;0;1;1;0;0;0;1;0;;;;;3;6;Perdido
76;0;0;1;1;0;0;1;0;0;;;;;3;6;Perdido
77;0;0;1;1;0;1;0;0;0;;;;;3;6;Perdido
78;0;0;1;1;0;1;1;1;1;;;;;6;3;Ganado
79;0;0;1;1;1;0;0;0;0;;;;;3;6;Perdido
80;0;0;1;1;1;0;1;1;1;;;;;6;3;Ganado
81;0;0;1;1;1;1;0;1;1;;;;;6;3;Ganado
82;0;0;1;1;1;1;1;0;1;;;;;6;3;Ganado
83;0;1;0;0;0;0;1;1;0;;;;;3;6;Perdido
84;0;1;0;0;0;1;0;1;0;;;;;3;6;Perdido
85;0;1;0;0;0;1;1;0;0;;;;;3;6;Perdido
86;0;1;0;0;1;0;0;1;0;;;;;3;6;Perdido
87;0;1;0;0;1;0;1;0;0;;;;;3;6;Perdido
88;0;1;0;0;1;1;0;0;0;;;;;3;6;Perdido
89;0;1;0;0;1;1;1;1;1;;;;;6;3;Ganado
90;0;1;0;1;0;0;0;1;0;;;;;3;6;Perdido
91;0;1;0;1;0;0;1;0;0;;;;;3;6;Perdido
92;0;1;0;1;0;1;0;0;0;;;;;3;6;Perdido
93;0;1;0;1;0;1;1;1;1;;;;;6;3;Ganado
94;0;1;0;1;1;0;0;0;0;;;;;3;6;Perdido
95;0;1;0;1;1;0;1;1;1;;;;;6;3;Ganado
96;0;1;0;1;1;1;0;1;1;;;;;6;3;Ganado
97;0;1;0;1;1;1;1;0;1;;;;;6;3;Ganado
98;0;1;1;0;0;0;0;1;0;;;;;3;6;Perdido
99;0;1;1;0;0;0;1;0;0;;;;;3;6;Perdido
100;0;1;1;0;0;1;0;0;0;;;;;3;6;Perdido
101;0;1;1;0;0;1;1;1;1;;;;;6;3;Ganado
102;0;1;1;0;1;0;0;0;0;;;;;3;6;Perdido
103;0;1;1;0;1;0;1;1;1;;;;;6;3;Ganado
104;0;1;1;0;1;1;0;1;1;;;;;6;3;Ganado
105;0;1;1;0;1;1;1;0;1;;;;;6;3;Ganado
106;0;1;1;1;0;0;0;0;0;;;;;3;6;Perdido
107;0;1;1;1;0;0;1;1;1;;;;;6;3;Ganado
108;0;1;1;1;0;1;0;1;1;;;;;6;3;Ganado
109;0;1;1;1;0;1;1;0;1;;;;;6;3;Ganado
110;0;1;1;1;1;0;0;1;1;;;;;6;3;Ganado
111;0;1;1;1;1;0;1;0;1;;;;;6;3;Ganado
112;0;1;1;1;1;1;0;0;1;;;;;6;3;Ganado
113;1;0;0;0;0;0;1;1;0;;;;;3;6;Perdido
114;1;0;0;0;0;1;0;1;0;;;;;3;6;Perdido
115;1;0;0;0;0;1;1;0;0;;;;;3;6;Perdido
116;1;0;0;0;1;0;0;1;0;;;;;3;6;Perdido
117;1;0;0;0;1;0;1;0;0;;;;;3;6;Perdido
118;1;0;0;0;1;1;0;0;0;;;;;3;6;Perdido
119;1;0;0;0;1;1;1;1;1;;;;;6;3;Ganado
120;1;0;0;1;0;0;0;1;0;;;;;3;6;Perdido
121;1;0;0;1;0;0;1;0;0;;;;;3;6;Perdido
122;1;0;0;1;0;1;0;0;0;;;;;3;6;Perdido
123;1;0;0;1;0;1;1;1;1;;;;;6;3;Ganado
124;1;0;0;1;1;0;0;0;0;;;;;3;6;Perdido
125;1;0;0;1;1;0;1;1;1;;;;;6;3;Ganado
126;1;0;0;1;1;1;0;1;1;;;;;6;3;Ganado
127;1;0;0;1;1;1;1;0;1;;;;;6;3;Ganado
128;1;0;1;0;0;0;0;1;0;;;;;3;6;Perdido
129;1;0;1;0;0;0;1;0;0;;;;;3;6;Perdido
130;1;0;1;0;0;1;0;0;0;;;;;3;6;Perdido
131;1;0;1;0;0;1;1;1;1;;;;;6;3;Ganado
132;1;0;1;0;1;0;0;0;0;;;;;3;6;Perdido
133;1;0;1;0;1;0;1;1;1;;;;;6;3;Ganado
134;1;0;1;0;1;1;0;1;1;;;;;6;3;Ganado
135;1;0;1;0;1;1;1;0;1;;;;;6;3;Ganado
136;1;0;1;1;0;0;0;0;0;;;;;3;6;Perdido
137;1;0;1;1;0;0;1;1;1;;;;;6;3;Ganado
138;1;0;1;1;0;1;0;1;1;;;;;6;3;Ganado
139;1;0;1;1;0;1;1;0;1;;;;;6;3;Ganado
140;1;0;1;1;1;0;0;1;1;;;;;6;3;Ganado
141;1;0;1;1;1;0;1;0;1;;;;;6;3;Ganado
142;1;0;1;1;1;1;0;0;1;;;;;6;3;Ganado
143;1;1;0;0;0;0;0;1;0;;;;;3;6;Perdido
144;1;1;0;0;0;0;1;0;0;;;;;3;6;Perdido
145;1;1;0;0;0;1;0;0;0;;;;;3;6;Perdido
146;1;1;0;0;0;1;1;1;1;;;;;6;3;Ganado
147;1;1;0;0;1;0;0;0;0;;;;;3;6;Perdido
148;1;1;0;0;1;0;1;1;1;;;;;6;3;Ganado
149;1;1;0;0;1;1;0;1;1;;;;;6;3;Ganado
150;1;1;0;0;1;1;1;0;1;;;;;6;3;Ganado
151;1;1;0;1;0;0;0;0;0;;;;;3;6;Perdido
152;1;1;0;1;0;0;1;1;1;;;;;6;3;Ganado
153;1;1;0;1;0;1;0;1;1;;;;;6;3;Ganado
154;1;1;0;1;0;1;1;0;1;;;;;6;3;Ganado
155;1;1;0;1;1;0;0;1;1;;;;;6;3;Ganado
156;1;1;0;1;1;0;1;0;1;;;;;6;3;Ganado
157;1;1;0;1;1;1;0;0;1;;;;;6;3;Ganado
158;1;1;1;0;0;0;0;0;0;;;;;3;6;Perdido
159;1;1;1;0;0;0;1;1;1;;;;;6;3;Ganado
160;1;1;1;0;0;1;0;1;1;;;;;6;3;Ganado
161;1;1;1;0;0;1;1;0;1;;;;;6;3;Ganado
162;1;1;1;0;1;0;0;1;1;;;;;6;3;Ganado
163;1;1;1;0;1;0;1;0;1;;;;;6;3;Ganado
164;1;1;1;0;1;1;0;0;1;;;;;6;3;Ganado
165;1;1;1;1;0;0;0;1;1;;;;;6;3;Ganado
166;1;1;1;1;0;0;1;0;1;;;;;6;3;Ganado
167;1;1;1;1;0;1;0;0;1;;;;;6;3;Ganado
168;1;1;1;1;1;0;0;0;1;;;;;6;3;Ganado
169;0;0;0;0;0;1;1;1;1;0;;;;4;6;Perdido
170;0;0;0;0;1;0;1;1;1;0;;;;4;6;Perdido
171;0;0;0;0;1;1;0;1;1;0;;;;4;6;Perdido
172;0;0;0;0;1;1;1;0;1;0;;;;4;6;Perdido
173;0;0;0;0;1;1;1;1;0;0;;;;4;6;Perdido
174;0;0;0;0;1;1;1;1;1;1;;;;6;4;Ganado
175;0;0;0;1;0;0;1;1;1;0;;;;4;6;Perdido
176;0;0;0;1;0;1;0;1;1;0;;;;4;6;Perdido
177;0;0;0;1;0;1;1;0;1;0;;;;4;6;Perdido
178;0;0;0;1;0;1;1;1;0;0;;;;4;6;Perdido
179;0;0;0;1;0;1;1;1;1;1;;;;6;4;Ganado
180;0;0;0;1;1;0;0;1;1;0;;;;4;6;Perdido
181;0;0;0;1;1;0;1;0;1;0;;;;4;6;Perdido
182;0;0;0;1;1;0;1;1;0;0;;;;4;6;Perdido
183;0;0;0;1;1;0;1;1;1;1;;;;6;4;Ganado
184;0;0;0;1;1;1;0;0;1;0;;;;4;6;Perdido
185;0;0;0;1;1;1;0;1;0;0;;;;4;6;Perdido
186;0;0;0;1;1;1;0;1;1;1;;;;6;4;Ganado
187;0;0;0;1;1;1;1;0;0;0;;;;4;6;Perdido
188;0;0;0;1;1;1;1;0;1;1;;;;6;4;Ganado
189;0;0;0;1;1;1;1;1;0;1;;;;6;4;Ganado
190;0;0;1;0;0;0;1;1;1;0;;;;4;6;Perdido
191;0;0;1;0;0;1;0;1;1;0;;;;4;6;Perdido
192;0;0;1;0;0;1;1;0;1;0;;;;4;6;Perdido
193;0;0;1;0;0;1;1;1;0;0;;;;4;6;Perdido
194;0;0;1;0;0;1;1;1;1;1;;;;6;4;Ganado
195;0;0;1;0;1;0;0;1;1;0;;;;4;6;Perdido
196;0;0;1;0;1;0;1;0;1;0;;;;4;6;Perdido
197;0;0;1;0;1;0;1;1;0;0;;;;4;6;Perdido
198;0;0;1;0;1;0;1;1;1;1;;;;6;4;Ganado
199;0;0;1;0;1;1;0;0;1;0;;;;4;6;Perdido
200;0;0;1;0;1;1;0;1;0;0;;;;4;6;Perdido
201;0;0;1;0;1;1;0;1;1;1;;;;6;4;Ganado
202;0;0;1;0;1;1;1;0;0;0;;;;4;6;Perdido
203;0;0;1;0;1;1;1;0;1;1;;;;6;4;Ganado
204;0;0;1;0;1;1;1;1;0;1;;;;6;4;Ganado
205;0;0;1;1;0;0;0;1;1;0;;;;4;6;Perdido
206;0;0;1;1;0;0;1;0;1;0;;;;4;6;Perdido
207;0;0;1;1;0;0;1;1;0;0;;;;4;6;Perdido
208;0;0;1;1;0;0;1;1;1;1;;;;6;4;Ganado
209;0;0;1;1;0;1;0;0;1;0;;;;4;6;Perdido
210;0;0;1;1;0;1;0;1;0;0;;;;4;6;Perdido
211;0;0;1;1;0;1;0;1;1;1;;;;6;4;Ganado
212;0;0;1;1;0;1;1;0;0;0;;;;4;6;Perdido
213;0;0;1;1;0;1;1;0;1;1;;;;6;4;Ganado
214;0;0;1;1;0;1;1;1;0;1;;;;6;4;Ganado
215;0;0;1;1;1;0;0;0;1;0;;;;4;6;Perdido
216;0;0;1;1;1;0;0;1;0;0;;;;4;6;Perdido
217;0;0;1;1;1;0;0;1;1;1;;;;6;4;Ganado
218;0;0;1;1;1;0;1;0;0;0;;;;4;6;Perdido
219;0;0;1;1;1;0;1;0;1;1;;;;6;4;Ganado
220;0;0;1;1;1;0;1;1;0;1;;;;6;4;Ganado
221;0;0;1;1;1;1;0;0;0;0;;;;4;6;Perdido
222;0;0;1;1;1;1;0;0;1;1;;;;6;4;Ganado
223;0;0;1;1;1;1;0;1;0;1;;;;6;4;Ganado
224;0;0;1;1;1;1;1;0;0;1;;;;6;4;Ganado
225;0;1;0;0;0;0;1;1;1;0;;;;4;6;Perdido
226;0;1;0;0;0;1;0;1;1;0;;;;4;6;Perdido
227;0;1;0;0;0;1;1;0;1;0;;;;4;6;Perdido
228;0;1;0;0;0;1;1;1;0;0;;;;4;6;Perdido
229;0;1;0;0;0;1;1;1;1;1;;;;6;4;Ganado
230;0;1;0;0;1;0;0;1;1;0;;;;4;6;Perdido
231;0;1;0;0;1;0;1;0;1;0;;;;4;6;Perdido
232;0;1;0;0;1;0;1;1;0;0;;;;4;6;Perdido
233;0;1;0;0;1;0;1;1;1;1;;;;6;4;Ganado
234;0;1;0;0;1;1;0;0;1;0;;;;4;6;Perdido
235;0;1;0;0;1;1;0;1;0;0;;;;4;6;Perdido
236;0;1;0;0;1;1;0;1;1;1;;;;6;4;Ganado
237;0;1;0;0;1;1;1;0;0;0;;;;4;6;Perdido
238;0;1;0;0;1;1;1;0;1;1;;;;6;4;Ganado
239;0;1;0;0;1;1;1;1;0;1;;;;6;4;Ganado
240;0;1;0;1;0;0;0;1;1;0;;;;4;6;Perdido
241;0;1;0;1;0;0;1;0;1;0;;;;4;6;Perdido
242;0;1;0;1;0;0;1;1;0;0;;;;4;6;Perdido
243;0;1;0;1;0;0;1;1;1;1;;;;6;4;Ganado
244;0;1;0;1;0;1;0;0;1;0;;;;4;6;Perdido
245;0;1;0;1;0;1;0;1;0;0;;;;4;6;Perdido
246;0;1;0;1;0;1;0;1;1;1;;;;6;4;Ganado
247;0;1;0;1;0;1;1;0;0;0;;;;4;6;Perdido
248;0;1;0;1;0;1;1;0;1;1;;;;6;4;Ganado
249;0;1;0;1;0;1;1;1;0;1;;;;6;4;Ganado
250;0;1;0;1;1;0;0;0;1;0;;;;4;6;Perdido
251;0;1;0;1;1;0;0;1;0;0;;;;4;6;Perdido
252;0;1;0;1;1;0;0;1;1;1;;;;6;4;Ganado
253;0;1;0;1;1;0;1;0;0;0;;;;4;6;Perdido
254;0;1;0;1;1;0;1;0;1;1;;;;6;4;Ganado
255;0;1;0;1;1;0;1;1;0;1;;;;6;4;Ganado
256;0;1;0;1;1;1;0;0;0;0;;;;4;6;Perdido
257;0;1;0;1;1;1;0;0;1;1;;;;6;4;Ganado
258;0;1;0;1;1;1;0;1;0;1;;;;6;4;Ganado
259;0;1;0;1;1;1;1;0;0;1;;;;6;4;Ganado
260;0;1;1;0;0;0;0;1;1;0;;;;4;6;Perdido
261;0;1;1;0;0;0;1;0;1;0;;;;4;6;Perdido
262;0;1;1;0;0;0;1;1;0;0;;;;4;6;Perdido
263;0;1;1;0;0;0;1;1;1;1;;;;6;4;Ganado
264;0;1;1;0;0;1;0;0;1;0;;;;4;6;Perdido
265;0;1;1;0;0;1;0;1;0;0;;;;4;6;Perdido
266;0;1;1;0;0;1;0;1;1;1;;;;6;4;Ganado
267;0;1;1;0;0;1;1;0;0;0;;;;4;6;Perdido
268;0;1;1;0;0;1;1;0;1;1;;;;6;4;Ganado
269;0;1;1;0;0;1;1;1;0;1;;;;6;4;Ganado
270;0;1;1;0;1;0;0;0;1;0;;;;4;6;Perdido
271;0;1;1;0;1;0;0;1;0;0;;;;4;6;Perdido
272;0;1;1;0;1;0;0;1;1;1;;;;6;4;Ganado
273;0;1;1;0;1;0;1;0;0;0;;;;4;6;Perdido
274;0;1;1;0;1;0;1;0;1;1;;;;6;4;Ganado
275;0;1;1;0;1;0;1;1;0;1;;;;6;4;Ganado
276;0;1;1;0;1;1;0;0;0;0;;;;4;6;Perdido
277;0;1;1;0;1;1;0;0;1;1;;;;6;4;Ganado
278;0;1;1;0;1;1;0;1;0;1;;;;6;4;Ganado
279;0;1;1;0;1;1;1;0;0;1;;;;6;4;Ganado
280;0;1;1;1;0;0;0;0;1;0;;;;4;6;Perdido
281;0;1;1;1;0;0;0;1;0;0;;;;4;6;Perdido
282;0;1;1;1;0;0;0;1;1;1;;;;6;4;Ganado
283;0;1;1;1;0;0;1;0;0;0;;;;4;6;Perdido
284;0;1;1;1;0;0;1;0;1;1;;;;6;4;Ganado
285;0;1;1;1;0;0;1;1;0;1;;;;6;4;Ganado
286;0;1;1;1;0;1;0;0;0;0;;;;4;6;Perdido
287;0;1;1;1;0;1;0;0;1;1;;;;6;4;Ganado
288;0;1;1;1;0;1;0;1;0;1;;;;6;4;Ganado
289;0;1;1;1;0;1;1;0;0;1;;;;6;4;Ganado
290;0;1;1;1;1;0;0;0;0;0;;;;4;6;Perdido
291;0;1;1;1;1;0;0;0;1;1;;;;6;4;Ganado
292;0;1;1;1;1;0;0;1;0;1;;;;6;4;Ganado
293;0;1;1;1;1;0;1;0;0;1;;;;6;4;Ganado
294;0;1;1;1;1;1;0;0;0;1;;;;6;4;Ganado
295;1;0;0;0;0;0;1;1;1;0;;;;4;6;Perdido
296;1;0;0;0;0;1;0;1;1;0;;;;4;6;Perdido
297;1;0;0;0;0;1;1;0;1;0;;;;4;6;Perdido
298;1;0;0;0;0;1;1;1;0;0;;;;4;6;Perdido
299;1;0;0;0;0;1;1;1;1;1;;;;6;4;Ganado
300;1;0;0;0;1;0;0;1;1;0;;;;4;6;Perdido
301;1;0;0;0;1;0;1;0;1;0;;;;4;6;Perdido
302;1;0;0;0;1;0;1;1;0;0;;;;4;6;Perdido
303;1;0;0;0;1;0;1;1;1;1;;;;6;4;Ganado
304;1;0;0;0;1;1;0;0;1;0;;;;4;6;Perdido
305;1;0;0;0;1;1;0;1;0;0;;;;4;6;Perdido
306;1;0;0;0;1;1;0;1;1;1;;;;6;4;Ganado
307;1;0;0;0;1;1;1;0;0;0;;;;4;6;Perdido
308;1;0;0;0;1;1;1;0;1;1;;;;6;4;Ganado
309;1;0;0;0;1;1;1;1;0;1;;;;6;4;Ganado
310;1;0;0;1;0;0;0;1;1;0;;;;4;6;Perdido
311;1;0;0;1;0;0;1;0;1;0;;;;4;6;Perdido
312;1;0;0;1;0;0;1;1;0;0;;;;4;6;Perdido
313;1;0;0;1;0;0;1;1;1;1;;;;6;4;Ganado
314;1;0;0;1;0;1;0;0;1;0;;;;4;6;Perdido
315;1;0;0;1;0;1;0;1;0;0;;;;4;6;Perdido
316;1;0;0;1;0;1;0;1;1;1;;;;6;4;Ganado
317;1;0;0;1;0;1;1;0;0;0;;;;4;6;Perdido
318;1;0;0;1;0;1;1;0;1;1;;;;6;4;Ganado
319;1;0;0;1;0;1;1;1;0;1;;;;6;4;Ganado
320;1;0;0;1;1;0;0;0;1;0;;;;4;6;Perdido
321;1;0;0;1;1;0;0;1;0;0;;;;4;6;Perdido
322;1;0;0;1;1;0;0;1;1;1;;;;6;4;Ganado
323;1;0;0;1;1;0;1;0;0;0;;;;4;6;Perdido
324;1;0;0;1;1;0;1;0;1;1;;;;6;4;Ganado
325;1;0;0;1;1;0;1;1;0;1;;;;6;4;Ganado
326;1;0;0;1;1;1;0;0;0;0;;;;4;6;Perdido
327;1;0;0;1;1;1;0;0;1;1;;;;6;4;Ganado
328;1;0;0;1;1;1;0;1;0;1;;;;6;4;Ganado
329;1;0;0;1;1;1;1;0;0;1;;;;6;4;Ganado
330;1;0;1;0;0;0;0;1;1;0;;;;4;6;Perdido
331;1;0;1;0;0;0;1;0;1;0;;;;4;6;Perdido
332;1;0;1;0;0;0;1;1;0;0;;;;4;6;Perdido
333;1;0;1;0;0;0;1;1;1;1;;;;6;4;Ganado
334;1;0;1;0;0;1;0;0;1;0;;;;4;6;Perdido
335;1;0;1;0;0;1;0;1;0;0;;;;4;6;Perdido
336;1;0;1;0;0;1;0;1;1;1;;;;6;4;Ganado
337;1;0;1;0;0;1;1;0;0;0;;;;4;6;Perdido
338;1;0;1;0;0;1;1;0;1;1;;;;6;4;Ganado
339;1;0;1;0;0;1;1;1;0;1;;;;6;4;Ganado
340;1;0;1;0;1;0;0;0;1;0;;;;4;6;Perdido
341;1;0;1;0;1;0;0;1;0;0;;;;4;6;Perdido
342;1;0;1;0;1;0;0;1;1;1;;;;6;4;Ganado
343;1;0;1;0;1;0;1;0;0;0;;;;4;6;Perdido
344;1;0;1;0;1;0;1;0;1;1;;;;6;4;Ganado
345;1;0;1;0;1;0;1;1;0;1;;;;6;4;Ganado
346;1;0;1;0;1;1;0;0;0;0;;;;4;6;Perdido
347;1;0;1;0;1;1;0;0;1;1;;;;6;4;Ganado
348;1;0;1;0;1;1;0;1;0;1;;;;6;4;Ganado
349;1;0;1;0;1;1;1;0;0;1;;;;6;4;Ganado
350;1;0;1;1;0;0;0;0;1;0;;;;4;6;Perdido
351;1;0;1;1;0;0;0;1;0;0;;;;4;6;Perdido
352;1;0;1;1;0;0;0;1;1;1;;;;6;4;Ganado
353;1;0;1;1;0;0;1;0;0;0;;;;4;6;Perdido
354;1;0;1;1;0;0;1;0;1;1;;;;6;4;Ganado
355;1;0;1;1;0;0;1;1;0;1;;;;6;4;Ganado
356;1;0;1;1;0;1;0;0;0;0;;;;4;6;Perdido
357;1;0;1;1;0;1;0;0;1;1;;;;6;4;Ganado
358;1;0;1;1;0;1;0;1;0;1;;;;6;4;Ganado
359;1;0;1;1;0;1;1;0;0;1;;;;6;4;Ganado
360;1;0;1;1;1;0;0;0;0;0;;;;4;6;Perdido
361;1;0;1;1;1;0;0;0;1;1;;;;6;4;Ganado
362;1;0;1;1;1;0;0;1;0;1;;;;6;4;Ganado
363;1;0;1;1;1;0;1;0;0;1;;;;6;4;Ganado
364;1;0;1;1;1;1;0;0;0;1;;;;6;4;Ganado
365;1;1;0;0;0;0;0;1;1;0;;;;4;6;Perdido
366;1;1;0;0;0;0;1;0;1;0;;;;4;6;Perdido
367;1;1;0;0;0;0;1;1;0;0;;;;4;6;Perdido
368;1;1;0;0;0;0;1;1;1;1;;;;6;4;Ganado
369;1;1;0;0;0;1;0;0;1;0;;;;4;6;Perdido
370;1;1;0;0;0;1;0;1;0;0;;;;4;6;Perdido
371;1;1;0;0;0;1;0;1;1;1;;;;6;4;Ganado
372;1;1;0;0;0;1;1;0;0;0;;;;4;6;Perdido
373;1;1;0;0;0;1;1;0;1;1;;;;6;4;Ganado
374;1;1;0;0;0;1;1;1;0;1;;;;6;4;Ganado
375;1;1;0;0;1;0;0;0;1;0;;;;4;6;Perdido
376;1;1;0;0;1;0;0;1;0;0;;;;4;6;Perdido
377;1;1;0;0;1;0;0;1;1;1;;;;6;4;Ganado
378;1;1;0;0;1;0;1;0;0;0;;;;4;6;Perdido
379;1;1;0;0;1;0;1;0;1;1;;;;6;4;Ganado
380;1;1;0;0;1;0;1;1;0;1;;;;6;4;Ganado
381;1;1;0;0;1;1;0;0;0;0;;;;4;6;Perdido
382;1;1;0;0;1;1;0;0;1;1;;;;6;4;Ganado
383;1;1;0;0;1;1;0;1;0;1;;;;6;4;Ganado
384;1;1;0;0;1;1;1;0;0;1;;;;6;4;Ganado
385;1;1;0;1;0;0;0;0;1;0;;;;4;6;Perdido
386;1;1;0;1;0;0;0;1;0;0;;;;4;6;Perdido
387;1;1;0;1;0;0;0;1;1;1;;;;6;4;Ganado
388;1;1;0;1;0;0;1;0;0;0;;;;4;6;Perdido
389;1;1;0;1;0;0;1;0;1;1;;;;6;4;Ganado
390;1;1;0;1;0;0;1;1;0;1;;;;6;4;Ganado
391;1;1;0;1;0;1;0;0;0;0;;;;4;6;Perdido
392;1;1;0;1;0;1;0;0;1;1;;;;6;4;Ganado
393;1;1;0;1;0;1;0;1;0;1;;;;6;4;Ganado
394;1;1;0;1;0;1;1;0;0;1;;;;6;4;Ganado
395;1;1;0;1;1;0;0;0;0;0;;;;4;6;Perdido
396;1;1;0;1;1;0;0;0;1;1;;;;6;4;Ganado
397;1;1;0;1;1;0;0;1;0;1;;;;6;4;Ganado
398;1;1;0;1;1;0;1;0;0;1;;;;6;4;Ganado
399;1;1;0;1;1;1;0;0;0;1;;;;6;4;Ganado
400;1;1;1;0;0;0;0;0;1;0;;;;4;6;Perdido
401;1;1;1;0;0;0;0;1;0;0;;;;4;6;Perdido
402;1;1;1;0;0;0;0;1;1;1;;;;6;4;Ganado
403;1;1;1;0;0;0;1;0;0;0;;;;4;6;Perdido
404;1;1;1;0;0;0;1;0;1;1;;;;6;4;Ganado
405;1;1;1;0;0;0;1;1;0;1;;;;6;4;Ganado
406;1;1;1;0;0;1;0;0;0;0;;;;4;6;Perdido
407;1;1;1;0;0;1;0;0;1;1;;;;6;4;Ganado
408;1;1;1;0;0;1;0;1;0;1;;;;6;4;Ganado
409;1;1;1;0;0;1;1;0;0;1;;;;6;4;Ganado
410;1;1;1;0;1;0;0;0;0;0;;;;4;6;Perdido
411;1;1;1;0;1;0;0;0;1;1;;;;6;4;Ganado
412;1;1;1;0;1;0;0;1;0;1;;;;6;4;Ganado
413;1;1;1;0;1;0;1;0;0;1;;;;6;4;Ganado
414;1;1;1;0;1;1;0;0;0;1;;;;6;4;Ganado
415;1;1;1;1;0;0;0;0;0;0;;;;4;6;Perdido
416;1;1;1;1;0;0;0;0;1;1;;;;6;4;Ganado
417;1;1;1;1;0;0;0;1;0;1;;;;6;4;Ganado
418;1;1;1;1;0;0;1;0;0;1;;;;6;4;Ganado
419;1;1;1;1;0;1;0;0;0;1;;;;6;4;Ganado
420;1;1;1;1;1;0;0;0;0;1;;;;6;4;Ganado
421;0;0;0;0;0;1;1;1;1;1;0;0;;5;7;Perdido
422;0;0;0;0;0;1;1;1;1;1;1;1;;7;5;Ganado
423;0;0;0;0;1;0;1;1;1;1;0;0;;5;7;Perdido
424;0;0;0;0;1;0;1;1;1;1;1;1;;7;5;Ganado
425;0;0;0;0;1;1;0;1;1;1;0;0;;5;7;Perdido
426;0;0;0;0;1;1;0;1;1;1;1;1;;7;5;Ganado
427;0;0;0;0;1;1;1;0;1;1;0;0;;5;7;Perdido
428;0;0;0;0;1;1;1;0;1;1;1;1;;7;5;Ganado
429;0;0;0;0;1;1;1;1;0;1;0;0;;5;7;Perdido
430;0;0;0;0;1;1;1;1;0;1;1;1;;7;5;Ganado
431;0;0;0;0;1;1;1;1;1;0;0;0;;5;7;Perdido
432;0;0;0;0;1;1;1;1;1;0;1;1;;7;5;Ganado
433;0;0;0;1;0;0;1;1;1;1;0;0;;5;7;Perdido
434;0;0;0;1;0;0;1;1;1;1;1;1;;7;5;Ganado
435;0;0;0;1;0;1;0;1;1;1;0;0;;5;7;Perdido
436;0;0;0;1;0;1;0;1;1;1;1;1;;7;5;Ganado
437;0;0;0;1;0;1;1;0;1;1;0;0;;5;7;Perdido
438;0;0;0;1;0;1;1;0;1;1;1;1;;7;5;Ganado
439;0;0;0;1;0;1;1;1;0;1;0;0;;5;7;Perdido
440;0;0;0;1;0;1;1;1;0;1;1;1;;7;5;Ganado
441;0;0;0;1;0;1;1;1;1;0;0;0;;5;7;Perdido
442;0;0;0;1;0;1;1;1;1;0;1;1;;7;5;Ganado
443;0;0;0;1;1;0;0;1;1;1;0;0;;5;7;Perdido
444;0;0;0;1;1;0;0;1;1;1;1;1;;7;5;Ganado
445;0;0;0;1;1;0;1;0;1;1;0;0;;5;7;Perdido
446;0;0;0;1;1;0;1;0;1;1;1;1;;7;5;Ganado
447;0;0;0;1;1;0;1;1;0;1;0;0;;5;7;Perdido
448;0;0;0;1;1;0;1;1;0;1;1;1;;7;5;Ganado
449;0;0;0;1;1;0;1;1;1;0;0;0;;5;7;Perdido
450;0;0;0;1;1;0;1;1;1;0;1;1;;7;5;Ganado
451;0;0;0;1;1;1;0;0;1;1;0;0;;5;7;Perdido
452;0;0;0;1;1;1;0;0;1;1;1;1;;7;5;Ganado
453;0;0;0;1;1;1;0;1;0;1;0;0;;5;7;Perdido
454;0;0;0;1;1;1;0;1;0;1;1;1;;7;5;Ganado
455;0;0;0;1;1;1;0;1;1;0;0;0;;5;7;Perdido
456;0;0;0;1;1;1;0;1;1;0;1;1;;7;5;Ganado
457;0;0;0;1;1;1;1;0;0;1;0;0;;5;7;Perdido
458;0;0;0;1;1;1;1;0;0;1;1;1;;7;5;Ganado
459;0;0;0;1;1;1;1;0;1;0;0;0;;5;7;Perdido
460;0;0;0;1;1;1;1;0;1;0;1;1;;7;5;Ganado
461;0;0;0;1;1;1;1;1;0;0;0;0;;5;7;Perdido
462;0;0;0;1;1;1;1;1;0;0;1;1;;7;5;Ganado
463;0;0;1;0;0;0;1;1;1;1;0;0;;5;7;Perdido
464;0;0;1;0;0;0;1;1;1;1;1;1;;7;5;Ganado
465;0;0;1;0;0;1;0;1;1;1;0;0;;5;7;Perdido
466;0;0;1;0;0;1;0;1;1;1;1;1;;7;5;Ganado
467;0;0;1;0;0;1;1;0;1;1;0;0;;5;7;Perdido
468;0;0;1;0;0;1;1;0;1;1;1;1;;7;5;Ganado
469;0;0;1;0;0;1;1;1;0;1;0;0;;5;7;Perdido
470;0;0;1;0;0;1;1;1;0;1;1;1;;7;5;Ganado
471;0;0;1;0;0;1;1;1;1;0;0;0;;5;7;Perdido
472;0;0;1;0;0;1;1;1;1;0;1;1;;7;5;Ganado
473;0;0;1;0;1;0;0;1;1;1;0;0;;5;7;Perdido
474;0;0;1;0;1;0;0;1;1;1;1;1;;7;5;Ganado
475;0;0;1;0;1;0;1;0;1;1;0;0;;5;7;Perdido
476;0;0;1;0;1;0;1;0;1;1;1;1;;7;5;Ganado
477;0;0;1;0;1;0;1;1;0;1;0;0;;5;7;Perdido
478;0;0;1;0;1;0;1;1;0;1;1;1;;7;5;Ganado
479;0;0;1;0;1;0;1;1;1;0;0;0;;5;7;Perdido
480;0;0;1;0;1;0;1;1;1;0;1;1;;7;5;Ganado
481;0;0;1;0;1;1;0;0;1;1;0;0;;5;7;Perdido
482;0;0;1;0;1;1;0;0;1;1;1;1;;7;5;Ganado
483;0;0;1;0;1;1;0;1;0;1;0;0;;5;7;Perdido
484;0;0;1;0;1;1;0;1;0;1;1;1;;7;5;Ganado
485;0;0;1;0;1;1;0;1;1;0;0;0;;5;7;Perdido
486;0;0;1;0;1;1;0;1;1;0;1;1;;7;5;Ganado
487;0;0;1;0;1;1;1;0;0;1;0;0;;5;7;Perdido
488;0;0;1;0;1;1;1;0;0;1;1;1;;7;5;Ganado
489;0;0;1;0;1;1;1;0;1;0;0;0;;5;7;Perdido
490;0;0;1;0;1;1;1;0;1;0;1;1;;7;5;Ganado
491;0;0;1;0;1;1;1;1;0;0;0;0;;5;7;Perdido
492;0;0;1;0;1;1;1;1;0;0;1;1;;7;5;Ganado
493;0;0;1;1;0;0;0;1;1;1;0;0;;5;7;Perdido
494;0;0;1;1;0;0;0;1;1;1;1;1;;7;5;Ganado
495;0;0;1;1;0;0;1;0;1;1;0;0;;5;7;Perdido
496;0;0;1;1;0;0;1;0;1;1;1;1;;7;5;Ganado
497;0;0;1;1;0;0;1;1;0;1;0;0;;5;7;Perdido
498;0;0;1;1;0;0;1;1;0;1;1;1;;7;5;Ganado
499;0;0;1;1;0;0;1;1;1;0;0;0;;5;7;Perdido
500;0;0;1;1;0;0;1;1;1;0;1;1;;7;5;Ganado
501;0;0;1;1;0;1;0;0;1;1;0;0;;5;7;Perdido
502;0;0;1;1;0;1;0;0;1;1;1;1;;7;5;Ganado
503;0;0;1;1;0;1;0;1;0;1;0;0;;5;7;Perdido
504;0;0;1;1;0;1;0;1;0;1;1;1;;7;5;Ganado
505;0;0;1;1;0;1;0;1;1;0;0;0;;5;7;Perdido
506;0;0;1;1;0;1;0;1;1;0;1;1;;7;5;Ganado
507;0;0;1;1;0;1;1;0;0;1;0;0;;5;7;Perdido
508;0;0;1;1;0;1;1;0;0;1;1;1;;7;5;Ganado
509;0;0;1;1;0;1;1;0;1;0;0;0;;5;7;Perdido
510;0;0;1;1;0;1;1;0;1;0;1;1;;7;5;Ganado
511;0;0;1;1;0;1;1;1;0;0;0;0;;5;7;Perdido
512;0;0;1;1;0;1;1;1;0;0;1;1;;7;5;Ganado
513;0;0;1;1;1;0;0;0;1;1;0;0;;5;7;Perdido
514;0;0;1;1;1;0;0;0;1;1;1;1;;7;5;Ganado
515;0;0;1;1;1;0;0;1;0;1;0;0;;5;7;Perdido
516;0;0;1;1;1;0;0;1;0;1;1;1;;7;5;Ganado
517;0;0;1;1;1;0;0;1;1;0;0;0;;5;7;Perdido
518;0;0;1;1;1;0;0;1;1;0;1;1;;7;5;Ganado
519;0;0;1;1;1;0;1;0;0;1;0;0;;5;7;Perdido
520;0;0;1;1;1;0;1;0;0;1;1;1;;7;5;Ganado
521;0;0;1;1;1;0;1;0;1;0;0;0;;5;7;Perdido
522;0;0;1;1;1;0;1;0;1;0;1;1;;7;5;Ganado
523;0;0;1;1;1;0;1;1;0;0;0;0;;5;7;Perdido
524;0;0;1;1;1;0;1;1;0;0;1;1;;7;5;Ganado
525;0;0;1;1;1;1;0;0;0;1;0;0;;5;7;Perdido
526;0;0;1;1;1;1;0;0;0;1;1;1;;7;5;Ganado
527;0;0;1;1;1;1;0;0;1;0;0;0;;5;7;Perdido
528;0;0;1;1;1;1;0;0;1;0;1;1;;7;5;Ganado
529;0;0;1;1;1;1;0;1;0;0;0;0;;5;7;Perdido
530;0;0;1;1;1;1;0;1;0;0;1;1;;7;5;Ganado
531;0;0;1;1;1;1;1;0;0;0;0;0;;5;7;Perdido
532;0;0;1;1;1;1;1;0;0;0;1;1;;7;5;Ganado
533;0;1;0;0;0;0;1;1;1;1;0;0;;5;7;Perdido
534;0;1;0;0;0;0;1;1;1;1;1;1;;7;5;Ganado
535;0;1;0;0;0;1;0;1;1;1;0;0;;5;7;Perdido
536;0;1;0;0;0;1;0;1;1;1;1;1;;7;5;Ganado
537;0;1;0;0;0;1;1;0;1;1;0;0;;5;7;Perdido
538;0;1;0;0;0;1;1;0;1;1;1;1;;7;5;Ganado
539;0;1;0;0;0;1;1;1;0;1;0;0;;5;7;Perdido
540;0;1;0;0;0;1;1;1;0;1;1;1;;7;5;Ganado
541;0;1;0;0;0;1;1;1;1;0;0;0;;5;7;Perdido
542;0;1;0;0;0;1;1;1;1;0;1;1;;7;5;Ganado
543;0;1;0;0;1;0;0;1;1;1;0;0;;5;7;Perdido
544;0;1;0;0;1;0;0;1;1;1;1;1;;7;5;Ganado
545;0;1;0;0;1;0;1;0;1;1;0;0;;5;7;Perdido
546;0;1;0;0;1;0;1;0;1;1;1;1;;7;5;Ganado
547;0;1;0;0;1;0;1;1;0;1;0;0;;5;7;Perdido
548;0;1;0;0;1;0;1;1;0;1;1;1;;7;5;Ganado
549;0;1;0;0;1;0;1;1;1;0;0;0;;5;7;Perdido
550;0;1;0;0;1;0;1;1;1;0;1;1;;7;5;Ganado
551;0;1;0;0;1;1;0;0;1;1;0;0;;5;7;Perdido
552;0;1;0;0;1;1;0;0;1;1;1;1;;7;5;Ganado
553;0;1;0;0;1;1;0;1;0;1;0;0;;5;7;Perdido
554;0;1;0;0;1;1;0;1;0;1;1;1;;7;5;Ganado
555;0;1;0;0;1;1;0;1;1;0;0;0;;5;7;Perdido
556;0;1;0;0;1;1;0;1;1;0;1;1;;7;5;Ganado
557;0;1;0;0;1;1;1;0;0;1;0;0;;5;7;Perdido
558;0;1;0;0;1;1;1;0;0;1;1;1;;7;5;Ganado
559;0;1;0;0;1;1;1;0;1;0;0;0;;5;7;Perdido
560;0;1;0;0;1;1;1;0;1;0;1;1;;7;5;Ganado
561;0;1;0;0;1;1;1;1;0;0;0;0;;5;7;Perdido
562;0;1;0;0;1;1;1;1;0;0;1;1;;7;5;Ganado
563;0;1;0;1;0;0;0;1;1;1;0;0;;5;7;Perdido
564;0;1;0;1;0;0;0;1;1;1;1;1;;7;5;Ganado
565;0;1;0;1;0;0;1;0;1;1;0;0;;5;7;Perdido
566;0;1;0;1;0;0;1;0;1;1;1;1;;7;5;Ganado
567;0;1;0;1;0;0;1;1;0;1;0;0;;5;7;Perdido
568;0;1;0;1;0;0;1;1;0;1;1;1;;7;5;Ganado
569;0;1;0;1;0;0;1;1;1;0;0;0;;5;7;Perdido
570;0;1;0;1;0;0;1;1;1;0;1;1;;7;5;Ganado
571;0;1;0;1;0;1;0;0;1;1;0;0;;5;7;Perdido
572;0;1;0;1;0;1;0;0;1;1;1;1;;7;5;Ganado
573;0;1;0;1;0;1;0;1;0;1;0;0;;5;7;Perdido
574;0;1;0;1;0;1;0;1;0;1;1;1;;7;5;Ganado
575;0;1;0;1;0;1;0;1;1;0;0;0;;5;7;Perdido
576;0;1;0;1;0;1;0;1;1;0;1;1;;7;5;Ganado
577;0;1;0;1;0;1;1;0;0;1;0;0;;5;7;Perdido
578;0;1;0;1;0;1;1;0;0;1;1;1;;7;5;Ganado
579;0;1;0;1;0;1;1;0;1;0;0;0;;5;7;Perdido
580;0;1;0;1;0;1;1;0;1;0;1;1;;7;5;Ganado
581;0;1;0;1;0;1;1;1;0;0;0;0;;5;7;Perdido
582;0;1;0;1;0;1;1;1;0;0;1;1;;7;5;Ganado
583;0;1;0;1;1;0;0;0;1;1;0;0;;5;7;Perdido
584;0;1;0;1;1;0;0;0;1;1;1;1;;7;5;Ganado
585;0;1;0;1;1;0;0;1;0;1;0;0;;5;7;Perdido
586;0;1;0;1;1;0;0;1;0;1;1;1;;7;5;Ganado
587;0;1;0;1;1;0;0;1;1;0;0;0;;5;7;Perdido
588;0;1;0;1;1;0;0;1;1;0;1;1;;7;5;Ganado
589;0;1;0;1;1;0;1;0;0;1;0;0;;5;7;Perdido
590;0;1;0;1;1;0;1;0;0;1;1;1;;7;5;Ganado
591;0;1;0;1;1;0;1;0;1;0;0;0;;5;7;Perdido
592;0;1;0;1;1;0;1;0;1;0;1;1;;7;5;Ganado
593;0;1;0;1;1;0;1;1;0;0;0;0;;5;7;Perdido
594;0;1;0;1;1;0;1;1;0;0;1;1;;7;5;Ganado
595;0;1;0;1;1;1;0;0;0;1;0;0;;5;7;Perdido
596;0;1;0;1;1;1;0;0;0;1;1;1;;7;5;Ganado
597;0;1;0;1;1;1;0;0;1;0;0;0;;5;7;Perdido
598;0;1;0;1;1;1;0;0;1;0;1;1;;7;5;Ganado
599;0;1;0;1;1;1;0;1;0;0;0;0;;5;7;Perdido
600;0;1;0;1;1;1;0;1;0;0;1;1;;7;5;Ganado
601;0;1;0;1;1;1;1;0;0;0;0;0;;5;7;Perdido
602;0;1;0;1;1;1;1;0;0;0;1;1;;7;5;Ganado
603;0;1;1;0;0;0;0;1;1;1;0;0;;5;7;Perdido
604;0;1;1;0;0;0;0;1;1;1;1;1;;7;5;Ganado
605;0;1;1;0;0;0;1;0;1;1;0;0;;5;7;Perdido
606;0;1;1;0;0;0;1;0;1;1;1;1;;7;5;Ganado
607;0;1;1;0;0;0;1;1;0;1;0;0;;5;7;Perdido
608;0;1;1;0;0;0;1;1;0;1;1;1;;7;5;Ganado
609;0;1;1;0;0;0;1;1;1;0;0;0;;5;7;Perdido
610;0;1;1;0;0;0;1;1;1;0;1;1;;7;5;Ganado
611;0;1;1;0;0;1;0;0;1;1;0;0;;5;7;Perdido
612;0;1;1;0;0;1;0;0;1;1;1;1;;7;5;Ganado
613;0;1;1;0;0;1;0;1;0;1;0;0;;5;7;Perdido
614;0;1;1;0;0;1;0;1;0;1;1;1;;7;5;Ganado
615;0;1;1;0;0;1;0;1;1;0;0;0;;5;7;Perdido
616;0;1;1;0;0;1;0;1;1;0;1;1;;7;5;Ganado
617;0;1;1;0;0;1;1;0;0;1;0;0;;5;7;Perdido
618;0;1;1;0;0;1;1;0;0;1;1;1;;7;5;Ganado
619;0;1;1;0;0;1;1;0;1;0;0;0;;5;7;Perdido
620;0;1;1;0;0;1;1;0;1;0;1;1;;7;5;Ganado
621;0;1;1;0;0;1;1;1;0;0;0;0;;5;7;Perdido
622;0;1;1;0;0;1;1;1;0;0;1;1;;7;5;Ganado
623;0;1;1;0;1;0;0;0;1;1;0;0;;5;7;Perdido
624;0;1;1;0;1;0;0;0;1;1;1;1;;7;5;Ganado
625;0;1;1;0;1;0;0;1;0;1;0;0;;5;7;Perdido
626;0;1;1;0;1;0;0;1;0;1;1;1;;7;5;Ganado
627;0;1;1;0;1;0;0;1;1;0;0;0;;5;7;Perdido
628;0;1;1;0;1;0;0;1;1;0;1;1;;7;5;Ganado
629;0;1;1;0;1;0;1;0;0;1;0;0;;5;7;Perdido
630;0;1;1;0;1;0;1;0;0;1;1;1;;7;5;Ganado
631;0;1;1;0;1;0;1;0;1;0;0;0;;5;7;Perdido
632;0;1;1;0;1;0;1;0;1;0;1;1;;7;5;Ganado
633;0;1;1;0;1;0;1;1;0;0;0;0;;5;7;Perdido
634;0;1;1;0;1;0;1;1;0;0;1;1;;7;5;Ganado
635;0;1;1;0;1;1;0;0;0;1;0;0;;5;7;Perdido
636;0;1;1;0;1;1;0;0;0;1;1;1;;7;5;Ganado
637;0;1;1;0;1;1;0;0;1;0;0;0;;5;7;Perdido
638;0;1;1;0;1;1;0;0;1;0;1;1;;7;5;Ganado
639;0;1;1;0;1;1;0;1;0;0;0;0;;5;7;Perdido
640;0;1;1;0;1;1;0;1;0;0;1;1;;7;5;Ganado
641;0;1;1;0;1;1;1;0;0;0;0;0;;5;7;Perdido
642;0;1;1;0;1;1;1;0;0;0;1;1;;7;5;Ganado
643;0;1;1;1;0;0;0;0;1;1;0;0;;5;7;Perdido
644;0;1;1;1;0;0;0;0;1;1;1;1;;7;5;Ganado
645;0;1;1;1;0;0;0;1;0;1;0;0;;5;7;Perdido
646;0;1;1;1;0;0;0;1;0;1;1;1;;7;5;Ganado
647;0;1;1;1;0;0;0;1;1;0;0;0;;5;7;Perdido
648;0;1;1;1;0;0;0;1;1;0;1;1;;7;5;Ganado
649;0;1;1;1;0;0;1;0;0;1;0;0;;5;7;Perdido
650;0;1;1;1;0;0;1;0;0;1;1;1;;7;5;Ganado
651;0;1;1;1;0;0;1;0;1;0;0;0;;5;7;Perdido
652;0;1;1;1;0;0;1;0;1;0;1;1;;7;5;Ganado
653;0;1;1;1;0;0;1;1;0;0;0;0;;5;7;Perdido
654;0;1;1;1;0;0;1;1;0;0;1;1;;7;5;Ganado
655;0;1;1;1;0;1;0;0;0;1;0;0;;5;7;Perdido
656;0;1;1;1;0;1;0;0;0;1;1;1;;7;5;Ganado
657;0;1;1;1;0;1;0;0;1;0;0;0;;5;7;Perdido
658;0;1;1;1;0;1;0;0;1;0;1;1;;7;5;Ganado
659;0;1;1;1;0;1;0;1;0;0;0;0;;5;7;Perdido
660;0;1;1;1;0;1;0;1;0;0;1;1;;7;5;Ganado
661;0;1;1;1;0;1;1;0;0;0;0;0;;5;7;Perdido
662;0;1;1;1;0;1;1;0;0;0;1;1;;7;5;Ganado
663;0;1;1;1;1;0;0;0;0;1;0;0;;5;7;Perdido
664;0;1;1;1;1;0;0;0;0;1;1;1;;7;5;Ganado
665;0;1;1;1;1;0;0;0;1;0;0;0;;5;7;Perdido
666;0;1;1;1;1;0;0;0;1;0;1;1;;7;5;Ganado
667;0;1;1;1;1;0;0;1;0;0;0;0;;5;7;Perdido
668;0;1;1;1;1;0;0;1;0;0;1;1;;7;5;Ganado
669;0;1;1;1;1;0;1;0;0;0;0;0;;5;7;Perdido
670;0;1;1;1;1;0;1;0;0;0;1;1;;7;5;Ganado
671;0;1;1;1;1;1;0;0;0;0;0;0;;5;7;Perdido
672;0;1;1;1;1;1;0;0;0;0;1;1;;7;5;Ganado
673;1;0;0;0;0;0;1;1;1;1;0;0;;5;7;Perdido
674;1;0;0;0;0;0;1;1;1;1;1;1;;7;5;Ganado
675;1;0;0;0;0;1;0;1;1;1;0;0;;5;7;Perdido
676;1;0;0;0;0;1;0;1;1;1;1;1;;7;5;Ganado
677;1;0;0;0;0;1;1;0;1;1;0;0;;5;7;Perdido
678;1;0;0;0;0;1;1;0;1;1;1;1;;7;5;Ganado
679;1;0;0;0;0;1;1;1;0;1;0;0;;5;7;Perdido
680;1;0;0;0;0;1;1;1;0;1;1;1;;7;5;Ganado
681;1;0;0;0;0;1;1;1;1;0;0;0;;5;7;Perdido
682;1;0;0;0;0;1;1;1;1;0;1;1;;7;5;Ganado
683;1;0;0;0;1;0;0;1;1;1;0;0;;5;7;Perdido
684;1;0;0;0;1;0;0;1;1;1;1;1;;7;5;Ganado
685;1;0;0;0;1;0;1;0;1;1;0;0;;5;7;Perdido
686;1;0;0;0;1;0;1;0;1;1;1;1;;7;5;Ganado
687;1;0;0;0;1;0;1;1;0;1;0;0;;5;7;Perdido
688;1;0;0;0;1;0;1;1;0;1;1;1;;7;5;Ganado
689;1;0;0;0;1;0;1;1;1;0;0;0;;5;7;Perdido
690;1;0;0;0;1;0;1;1;1;0;1;1;;7;5;Ganado
691;1;0;0;0;1;1;0;0;1;1;0;0;;5;7;Perdido
692;1;0;0;0;1;1;0;0;1;1;1;1;;7;5;Ganado
693;1;0;0;0;1;1;0;1;0;1;0;0;;5;7;Perdido
694;1;0;0;0;1;1;0;1;0;1;1;1;;7;5;Ganado
695;1;0;0;0;1;1;0;1;1;0;0;0;;5;7;Perdido
696;1;0;0;0;1;1;0;1;1;0;1;1;;7;5;Ganado
697;1;0;0;0;1;1;1;0;0;1;0;0;;5;7;Perdido
698;1;0;0;0;1;1;1;0;0;1;1;1;;7;5;Ganado
699;1;0;0;0;1;1;1;0;1;0;0;0;;5;7;Perdido
700;1;0;0;0;1;1;1;0;1;0;1;1;;7;5;Ganado
701;1;0;0;0;1;1;1;1;0;0;0;0;;5;7;Perdido
702;1;0;0;0;1;1;1;1;0;0;1;1;;7;5;Ganado
703;1;0;0;1;0;0;0;1;1;1;0;0;;5;7;Perdido
704;1;0;0;1;0;0;0;1;1;1;1;1;;7;5;Ganado
705;1;0;0;1;0;0;1;0;1;1;0;0;;5;7;Perdido
706;1;0;0;1;0;0;1;0;1;1;1;1;;7;5;Ganado
707;1;0;0;1;0;0;1;1;0;1;0;0;;5;7;Perdido
708;1;0;0;1;0;0;1;1;0;1;1;1;;7;5;Ganado
709;1;0;0;1;0;0;1;1;1;0;0;0;;5;7;Perdido
710;1;0;0;1;0;0;1;1;1;0;1;1;;7;5;Ganado
711;1;0;0;1;0;1;0;0;1;1;0;0;;5;7;Perdido
712;1;0;0;1;0;1;0;0;1;1;1;1;;7;5;Ganado
713;1;0;0;1;0;1;0;1;0;1;0;0;;5;7;Perdido
714;1;0;0;1;0;1;0;1;0;1;1;1;;7;5;Ganado
715;1;0;0;1;0;1;0;1;1;0;0;0;;5;7;Perdido
716;1;0;0;1;0;1;0;1;1;0;1;1;;7;5;Ganado
717;1;0;0;1;0;1;1;0;0;1;0;0;;5;7;Perdido
718;1;0;0;1;0;1;1;0;0;1;1;1;;7;5;Ganado
719;1;0;0;1;0;1;1;0;1;0;0;0;;5;7;Perdido
720;1;0;0;1;0;1;1;0;1;0;1;1;;7;5;Ganado
721;1;0;0;1;0;1;1;1;0;0;0;0;;5;7;Perdido
722;1;0;0;1;0;1;1;1;0;0;1;1;;7;5;Ganado
723;1;0;0;1;1;0;0;0;1;1;0;0;;5;7;Perdido
724;1;0;0;1;1;0;0;0;1;1;1;1;;7;5;Ganado
725;1;0;0;1;1;0;0;1;0;1;0;0;;5;7;Perdido
726;1;0;0;1;1;0;0;1;0;1;1;1;;7;5;Ganado
727;1;0;0;1;1;0;0;1;1;0;0;0;;5;7;Perdido
728;1;0;0;1;1;0;0;1;1;0;1;1;;7;5;Ganado
729;1;0;0;1;1;0;1;0;0;1;0;0;;5;7;Perdido
730;1;0;0;1;1;0;1;0;0;1;1;1;;7;5;Ganado
731;1;0;0;1;1;0;1;0;1;0;0;0;;5;7;Perdido
732;1;0;0;1;1;0;1;0;1;0;1;1;;7;5;Ganado
733;1;0;0;1;1;0;1;1;0;0;0;0;;5;7;Perdido
734;1;0;0;1;1;0;1;1;0;0;1;1;;7;5;Ganado
735;1;0;0;1;1;1;0;0;0;1;0;0;;5;7;Perdido
736;1;0;0;1;1;1;0;0;0;1;1;1;;7;5;Ganado
737;1;0;0;1;1;1;0;0;1;0;0;0;;5;7;Perdido
738;1;0;0;1;1;1;0;0;1;0;1;1;;7;5;Ganado
739;1;0;0;1;1;1;0;1;0;0;0;0;;5;7;Perdido
740;1;0;0;1;1;1;0;1;0;0;1;1;;7;5;Ganado
741;1;0;0;1;1;1;1;0;0;0;0;0;;5;7;Perdido
742;1;0;0;1;1;1;1;0;0;0;1;1;;7;5;Ganado
743;1;0;1;0;0;0;0;1;1;1;0;0;;5;7;Perdido
744;1;0;1;0;0;0;0;1;1;1;1;1;;7;5;Ganado
745;1;0;1;0;0;0;1;0;1;1;0;0;;5;7;Perdido
746;1;0;1;0;0;0;1;0;1;1;1;1;;7;5;Ganado
747;1;0;1;0;0;0;1;1;0;1;0;0;;5;7;Perdido
748;1;0;1;0;0;0;1;1;0;1;1;1;;7;5;Ganado
749;1;0;1;0;0;0;1;1;1;0;0;0;;5;7;Perdido
750;1;0;1;0;0;0;1;1;1;0;1;1;;7;5;Ganado
751;1;0;1;0;0;1;0;0;1;1;0;0;;5;7;Perdido
752;1;0;1;0;0;1;0;0;1;1;1;1;;7;5;Ganado
753;1;0;1;0;0;1;0;1;0;1;0;0;;5;7;Perdido
754;1;0;1;0;0;1;0;1;0;1;1;1;;7;5;Ganado
755;1;0;1;0;0;1;0;1;1;0;0;0;;5;7;Perdido
756;1;0;1;0;0;1;0;1;1;0;1;1;;7;5;Ganado
757;1;0;1;0;0;1;1;0;0;1;0;0;;5;7;Perdido
758;1;0;1;0;0;1;1;0;0;1;1;1;;7;5;Ganado
759;1;0;1;0;0;1;1;0;1;0;0;0;;5;7;Perdido
760;1;0;1;0;0;1;1;0;1;0;1;1;;7;5;Ganado
761;1;0;1;0;0;1;1;1;0;0;0;0;;5;7;Perdido
762;1;0;1;0;0;1;1;1;0;0;1;1;;7;5;Ganado
763;1;0;1;0;1;0;0;0;1;1;0;0;;5;7;Perdido
764;1;0;1;0;1;0;0;0;1;1;1;1;;7;5;Ganado
765;1;0;1;0;1;0;0;1;0;1;0;0;;5;7;Perdido
766;1;0;1;0;1;0;0;1;0;1;1;1;;7;5;Ganado
767;1;0;1;0;1;0;0;1;1;0;0;0;;5;7;Perdido
768;1;0;1;0;1;0;0;1;1;0;1;1;;7;5;Ganado
769;1;0;1;0;1;0;1;0;0;1;0;0;;5;7;Perdido
770;1;0;1;0;1;0;1;0;0;1;1;1;;7;5;Ganado
771;1;0;1;0;1;0;1;0;1;0;0;0;;5;7;Perdido
772;1;0;1;0;1;0;1;0;1;0;1;1;;7;5;Ganado
773;1;0;1;0;1;0;1;1;0;0;0;0;;5;7;Perdido
774;1;0;1;0;1;0;1;1;0;0;1;1;;7;5;Ganado
775;1;0;1;0;1;1;0;0;0;1;0;0;;5;7;Perdido
776;1;0;1;0;1;1;0;0;0;1;1;1;;7;5;Ganado
777;1;0;1;0;1;1;0;0;1;0;0;0;;5;7;Perdido
778;1;0;1;0;1;1;0;0;1;0;1;1;;7;5;Ganado
779;1;0;1;0;1;1;0;1;0;0;0;0;;5;7;Perdido
780;1;0;1;0;1;1;0;1;0;0;1;1;;7;5;Ganado
781;1;0;1;0;1;1;1;0;0;0;0;0;;5;7;Perdido
782;1;0;1;0;1;1;1;0;0;0;1;1;;7;5;Ganado
783;1;0;1;1;0;0;0;0;1;1;0;0;;5;7;Perdido
784;1;0;1;1;0;0;0;0;1;1;1;1;;7;5;Ganado
785;1;0;1;1;0;0;0;1;0;1;0;0;;5;7;Perdido
786;1;0;1;1;0;0;0;1;0;1;1;1;;7;5;Ganado
787;1;0;1;1;0;0;0;1;1;0;0;0;;5;7;Perdido
788;1;0;1;1;0;0;0;1;1;0;1;1;;7;5;Ganado
789;1;0;1;1;0;0;1;0;0;1;0;0;;5;7;Perdido
790;1;0;1;1;0;0;1;0;0;1;1;1;;7;5;Ganado
791;1;0;1;1;0;0;1;0;1;0;0;0;;5;7;Perdido
792;1;0;1;1;0;0;1;0;1;0;1;1;;7;5;Ganado
793;1;0;1;1;0;0;1;1;0;0;0;0;;5;7;Perdido
794;1;0;1;1;0;0;1;1;0;0;1;1;;7;5;Ganado
795;1;0;1;1;0;1;0;0;0;1;0;0;;5;7;Perdido
796;1;0;1;1;0;1;0;0;0;1;1;1;;7;5;Ganado
797;1;0;1;1;0;1;0;0;1;0;0;0;;5;7;Perdido
798;1;0;1;1;0;1;0;0;1;0;1;1;;7;5;Ganado
799;1;0;1;1;0;1;0;1;0;0;0;0;;5;7;Perdido
800;1;0;1;1;0;1;0;1;0;0;1;1;;7;5;Ganado
801;1;0;1;1;0;1;1;0;0;0;0;0;;5;7;Perdido
802;1;0;1;1;0;1;1;0;0;0;1;1;;7;5;Ganado
803;1;0;1;1;1;0;0;0;0;1;0;0;;5;7;Perdido
804;1;0;1;1;1;0;0;0;0;1;1;1;;7;5;Ganado
805;1;0;1;1;1;0;0;0;1;0;0;0;;5;7;Perdido
806;1;0;1;1;1;0;0;0;1;0;1;1;;7;5;Ganado
807;1;0;1;1;1;0;0;1;0;0;0;0;;5;7;Perdido
808;1;0;1;1;1;0;0;1;0;0;1;1;;7;5;Ganado
809;1;0;1;1;1;0;1;0;0;0;0;0;;5;7;Perdido
810;1;0;1;1;1;0;1;0;0;0;1;1;;7;5;Ganado
811;1;0;1;1;1;1;0;0;0;0;0;0;;5;7;Perdido
812;1;0;1;1;1;1;0;0;0;0;1;1;;7;5;Ganado
813;1;1;0;0;0;0;0;1;1;1;0;0;;5;7;Perdido
814;1;1;0;0;0;0;0;1;1;1;1;1;;7;5;Ganado
815;1;1;0;0;0;0;1;0;1;1;0;0;;5;7;Perdido
816;1;1;0;0;0;0;1;0;1;1;1;1;;7;5;Ganado
817;1;1;0;0;0;0;1;1;0;1;0;0;;5;7;Perdido
818;1;1;0;0;0;0;1;1;0;1;1;1;;7;5;Ganado
819;1;1;0;0;0;0;1;1;1;0;0;0;;5;7;Perdido
820;1;1;0;0;0;0;1;1;1;0;1;1;;7;5;Ganado
821;1;1;0;0;0;1;0;0;1;1;0;0;;5;7;Perdido
822;1;1;0;0;0;1;0;0;1;1;1;1;;7;5;Ganado
823;1;1;0;0;0;1;0;1;0;1;0;0;;5;7;Perdido
824;1;1;0;0;0;1;0;1;0;1;1;1;;7;5;Ganado
825;1;1;0;0;0;1;0;1;1;0;0;0;;5;7;Perdido
826;1;1;0;0;0;1;0;1;1;0;1;1;;7;5;Ganado
827;1;1;0;0;0;1;1;0;0;1;0;0;;5;7;Perdido
828;1;1;0;0;0;1;1;0;0;1;1;1;;7;5;Ganado
829;1;1;0;0;0;1;1;0;1;0;0;0;;5;7;Perdido
830;1;1;0;0;0;1;1;0;1;0;1;1;;7;5;Ganado
831;1;1;0;0;0;1;1;1;0;0;0;0;;5;7;Perdido
832;1;1;0;0;0;1;1;1;0;0;1;1;;7;5;Ganado
833;1;1;0;0;1;0;0;0;1;1;0;0;;5;7;Perdido
834;1;1;0;0;1;0;0;0;1;1;1;1;;7;5;Ganado
835;1;1;0;0;1;0;0;1;0;1;0;0;;5;7;Perdido
836;1;1;0;0;1;0;0;1;0;1;1;1;;7;5;Ganado
837;1;1;0;0;1;0;0;1;1;0;0;0;;5;7;Perdido
838;1;1;0;0;1;0;0;1;1;0;1;1;;7;5;Ganado
839;1;1;0;0;1;0;1;0;0;1;0;0;;5;7;Perdido
840;1;1;0;0;1;0;1;0;0;1;1;1;;7;5;Ganado
841;1;1;0;0;1;0;1;0;1;0;0;0;;5;7;Perdido
842;1;1;0;0;1;0;1;0;1;0;1;1;;7;5;Ganado
843;1;1;0;0;1;0;1;1;0;0;0;0;;5;7;Perdido
844;1;1;0;0;1;0;1;1;0;0;1;1;;7;5;Ganado
845;1;1;0;0;1;1;0;0;0;1;0;0;;5;7;Perdido
846;1;1;0;0;1;1;0;0;0;1;1;1;;7;5;Ganado
847;1;1;0;0;1;1;0;0;1;0;0;0;;5;7;Perdido
848;1;1;0;0;1;1;0;0;1;0;1;1;;7;5;Ganado
849;1;1;0;0;1;1;0;1;0;0;0;0;;5;7;Perdido
850;1;1;0;0;1;1;0;1;0;0;1;1;;7;5;Ganado
851;1;1;0;0;1;1;1;0;0;0;0;0;;5;7;Perdido
852;1;1;0;0;1;1;1;0;0;0;1;1;;7;5;Ganado
853;1;1;0;1;0;0;0;0;1;1;0;0;;5;7;Perdido
854;1;1;0;1;0;0;0;0;1;1;1;1;;7;5;Ganado
855;1;1;0;1;0;0;0;1;0;1;0;0;;5;7;Perdido
856;1;1;0;1;0;0;0;1;0;1;1;1;;7;5;Ganado
857;1;1;0;1;0;0;0;1;1;0;0;0;;5;7;Perdido
858;1;1;0;1;0;0;0;1;1;0;1;1;;7;5;Ganado
859;1;1;0;1;0;0;1;0;0;1;0;0;;5;7;Perdido
860;1;1;0;1;0;0;1;0;0;1;1;1;;7;5;Ganado
861;1;1;0;1;0;0;1;0;1;0;0;0;;5;7;Perdido
862;1;1;0;1;0;0;1;0;1;0;1;1;;7;5;Ganado
863;1;1;0;1;0;0;1;1;0;0;0;0;;5;7;Perdido
864;1;1;0;1;0;0;1;1;0;0;1;1;;7;5;Ganado
865;1;1;0;1;0;1;0;0;0;1;0;0;;5;7;Perdido
866;1;1;0;1;0;1;0;0;0;1;1;1;;7;5;Ganado
867;1;1;0;1;0;1;0;0;1;0;0;0;;5;7;Perdido
868;1;1;0;1;0;1;0;0;1;0;1;1;;7;5;Ganado
869;1;1;0;1;0;1;0;1;0;0;0;0;;5;7;Perdido
870;1;1;0;1;0;1;0;1;0;0;1;1;;7;5;Ganado
871;1;1;0;1;0;1;1;0;0;0;0;0;;5;7;Perdido
872;1;1;0;1;0;1;1;0;0;0;1;1;;7;5;Ganado
873;1;1;0;1;1;0;0;0;0;1;0;0;;5;7;Perdido
874;1;1;0;1;1;0;0;0;0;1;1;1;;7;5;Ganado
875;1;1;0;1;1;0;0;0;1;0;0;0;;5;7;Perdido
876;1;1;0;1;1;0;0;0;1;0;1;1;;7;5;Ganado
877;1;1;0;1;1;0;0;1;0;0;0;0;;5;7;Perdido
878;1;1;0;1;1;0;0;1;0;0;1;1;;7;5;Ganado
879;1;1;0;1;1;0;1;0;0;0;0;0;;5;7;Perdido
880;1;1;0;1;1;0;1;0;0;0;1;1;;7;5;Ganado
881;1;1;0;1;1;1;0;0;0;0;0;0;;5;7;Perdido
882;1;1;0;1;1;1;0;0;0;0;1;1;;7;5;Ganado
883;1;1;1;0;0;0;0;0;1;1;0;0;;5;7;Perdido
884;1;1;1;0;0;0;0;0;1;1;1;1;;7;5;Ganado
885;1;1;1;0;0;0;0;1;0;1;0;0;;5;7;Perdido
886;1;1;1;0;0;0;0;1;0;1;1;1;;7;5;Ganado
887;1;1;1;0;0;0;0;1;1;0;0;0;;5;7;Perdido
888;1;1;1;0;0;0;0;1;1;0;1;1;;7;5;Ganado
889;1;1;1;0;0;0;1;0;0;1;0;0;;5;7;Perdido
890;1;1;1;0;0;0;1;0;0;1;1;1;;7;5;Ganado
891;1;1;1;0;0;0;1;0;1;0;0;0;;5;7;Perdido
892;1;1;1;0;0;0;1;0;1;0;1;1;;7;5;Ganado
893;1;1;1;0;0;0;1;1;0;0;0;0;;5;7;Perdido
894;1;1;1;0;0;0;1;1;0;0;1;1;;7;5;Ganado
895;1;1;1;0;0;1;0;0;0;1;0;0;;5;7;Perdido
896;1;1;1;0;0;1;0;0;0;1;1;1;;7;5;Ganado
897;1;1;1;0;0;1;0;0;1;0;0;0;;5;7;Perdido
898;1;1;1;0;0;1;0;0;1;0;1;1;;7;5;Ganado
899;1;1;1;0;0;1;0;1;0;0;0;0;;5;7;Perdido
900;1;1;1;0;0;1;0;1;0;0;1;1;;7;5;Ganado
901;1;1;1;0;0;1;1;0;0;0;0;0;;5;7;Perdido
902;1;1;1;0;0;1;1;0;0;0;1;1;;7;5;Ganado
903;1;1;1;0;1;0;0;0;0;1;0;0;;5;7;Perdido
904;1;1;1;0;1;0;0;0;0;1;1;1;;7;5;Ganado
905;1;1;1;0;1;0;0;0;1;0;0;0;;5;7;Perdido
906;1;1;1;0;1;0;0;0;1;0;1;1;;7;5;Ganado
907;1;1;1;0;1;0;0;1;0;0;0;0;;5;7;Perdido
908;1;1;1;0;1;0;0;1;0;0;1;1;;7;5;Ganado
909;1;1;1;0;1;0;1;0;0;0;0;0;;5;7;Perdido
910;1;1;1;0;1;0;1;0;0;0;1;1;;7;5;Ganado
911;1;1;1;0;1;1;0;0;0;0;0;0;;5;7;Perdido
912;1;1;1;0;1;1;0;0;0;0;1;1;;7;5;Ganado
913;1;1;1;1;0;0;0;0;0;1;0;0;;5;7;Perdido
914;1;1;1;1;0;0;0;0;0;1;1;1;;7;5;Ganado
915;1;1;1;1;0;0;0;0;1;0;0;0;;5;7;Perdido
916;1;1;1;1;0;0;0;0;1;0;1;1;;7;5;Ganado
917;1;1;1;1;0;0;0;1;0;0;0;0;;5;7;Perdido
918;1;1;1;1;0;0;0;1;0;0;1;1;;7;5;Ganado
919;1;1;1;1;0;0;1;0;0;0;0;0;;5;7;Perdido
920;1;1;1;1;0;0;1;0;0;0;1;1;;7;5;Ganado
921;1;1;1;1;0;1;0;0;0;0;0;0;;5;7;Perdido
922;1;1;1;1;0;1;0;0;0;0;1;1;;7;5;Ganado
923;1;1;1;1;1;0;0;0;0;0;0;0;;5;7;Perdido
924;1;1;1;1;1;0;0;0;0;0;1;1;;7;5;Ganado
925;0;0;0;0;0;1;1;1;1;1;0;1;0;6;7;Perdido
926;0;0;0;0;0;1;1;1;1;1;0;1;1;7;6;Ganado
927;0;0;0;0;0;1;1;1;1;1;1;0;0;6;7;Perdido
928;0;0;0;0;0;1;1;1;1;1;1;0;1;7;6;Ganado
929;0;0;0;0;1;0;1;1;1;1;0;1;0;6;7;Perdido
930;0;0;0;0;1;0;1;1;1;1;0;1;1;7;6;Ganado
931;0;0;0;0;1;0;1;1;1;1;1;0;0;6;7;Perdido
932;0;0;0;0;1;0;1;1;1;1;1;0;1;7;6;Ganado
933;0;0;0;0;1;1;0;1;1;1;0;1;0;6;7;Perdido
934;0;0;0;0;1;1;0;1;1;1;0;1;1;7;6;Ganado
935;0;0;0;0;1;1;0;1;1;1;1;0;0;6;7;Perdido
936;0;0;0;0;1;1;0;1;1;1;1;0;1;7;6;Ganado
937;0;0;0;0;1;1;1;0;1;1;0;1;0;6;7;Perdido
938;0;0;0;0;1;1;1;0;1;1;0;1;1;7;6;Ganado
939;0;0;0;0;1;1;1;0;1;1;1;0;0;6;7;Perdido
940;0;0;0;0;1;1;1;0;1;1;1;0;1;7;6;Ganado
941;0;0;0;0;1;1;1;1;0;1;0;1;0;6;7;Perdido
942;0;0;0;0;1;1;1;1;0;1;0;1;1;7;6;Ganado
943;0;0;0;0;1;1;1;1;0;1;1;0;0;6;7;Perdido
944;0;0;0;0;1;1;1;1;0;1;1;0;1;7;6;Ganado
945;0;0;0;0;1;1;1;1;1;0;0;1;0;6;7;Perdido
946;0;0;0;0;1;1;1;1;1;0;0;1;1;7;6;Ganado
947;0;0;0;0;1;1;1;1;1;0;1;0;0;6;7;Perdido
948;0;0;0;0;1;1;1;1;1;0;1;0;1;7;6;Ganado
949;0;0;0;1;0;0;1;1;1;1;0;1;0;6;7;Perdido
950;0;0;0;1;0;0;1;1;1;1;0;1;1;7;6;Ganado
951;0;0;0;1;0;0;1;1;1;1;1;0;0;6;7;Perdido
952;0;0;0;1;0;0;1;1;1;1;1;0;1;7;6;Ganado
953;0;0;0;1;0;1;0;1;1;1;0;1;0;6;7;Perdido
954;0;0;0;1;0;1;0;1;1;1;0;1;1;7;6;Ganado
955;0;0;0;1;0;1;0;1;1;1;1;0;0;6;7;Perdido
956;0;0;0;1;0;1;0;1;1;1;1;0;1;7;6;Ganado
957;0;0;0;1;0;1;1;0;1;1;0;1;0;6;7;Perdido
958;0;0;0;1;0;1;1;0;1;1;0;1;1;7;6;Ganado
959;0;0;0;1;0;1;1;0;1;1;1;0;0;6;7;Perdido
960;0;0;0;1;0;1;1;0;1;1;1;0;1;7;6;Ganado
961;0;0;0;1;0;1;1;1;0;1;0;1;0;6;7;Perdido
962;0;0;0;1;0;1;1;1;0;1;0;1;1;7;6;Ganado
963;0;0;0;1;0;1;1;1;0;1;1;0;0;6;7;Perdido
964;0;0;0;1;0;1;1;1;0;1;1;0;1;7;6;Ganado
965;0;0;0;1;0;1;1;1;1;0;0;1;0;6;7;Perdido
966;0;0;0;1;0;1;1;1;1;0;0;1;1;7;6;Ganado
967;0;0;0;1;0;1;1;1;1;0;1;0;0;6;7;Perdido
968;0;0;0;1;0;1;1;1;1;0;1;0;1;7;6;Ganado
969;0;0;0;1;1;0;0;1;1;1;0;1;0;6;7;Perdido
970;0;0;0;1;1;0;0;1;1;1;0;1;1;7;6;Ganado
971;0;0;0;1;1;0;0;1;1;1;1;0;0;6;7;Perdido
972;0;0;0;1;1;0;0;1;1;1;1;0;1;7;6;Ganado
973;0;0;0;1;1;0;1;0;1;1;0;1;0;6;7;Perdido
974;0;0;0;1;1;0;1;0;1;1;0;1;1;7;6;Ganado
975;0;0;0;1;1;0;1;0;1;1;1;0;0;6;7;Perdido
976;0;0;0;1;1;0;1;0;1;1;1;0;1;7;6;Ganado
977;0;0;0;1;1;0;1;1;0;1;0;1;0;6;7;Perdido
978;0;0;0;1;1;0;1;1;0;1;0;1;1;7;6;Ganado
979;0;0;0;1;1;0;1;1;0;1;1;0;0;6;7;Perdido
980;0;0;0;1;1;0;1;1;0;1;1;0;1;7;6;Ganado
981;0;0;0;1;1;0;1;1;1;0;0;1;0;6;7;Perdido
982;0;0;0;1;1;0;1;1;1;0;0;1;1;7;6;Ganado
983;0;0;0;1;1;0;1;1;1;0;1;0;0;6;7;Perdido
984;0;0;0;1;1;0;1;1;1;0;1;0;1;7;6;Ganado
985;0;0;0;1;1;1;0;0;1;1;0;1;0;6;7;Perdido
986;0;0;0;1;1;1;0;0;1;1;0;1;1;7;6;Ganado
987;0;0;0;1;1;1;0;0;1;1;1;0;0;6;7;Perdido
988;0;0;0;1;1;1;0;0;1;1;1;0;1;7;6;Ganado
989;0;0;0;1;1;1;0;1;0;1;0;1;0;6;7;Perdido
990;0;0;0;1;1;1;0;1;0;1;0;1;1;7;6;Ganado
991;0;0;0;1;1;1;0;1;0;1;1;0;0;6;7;Perdido
992;0;0;0;1;1;1;0;1;0;1;1;0;1;7;6;Ganado
993;0;0;0;1;1;1;0;1;1;0;0;1;0;6;7;Perdido
994;0;0;0;1;1;1;0;1;1;0;0;1;1;7;6;Ganado
995;0;0;0;1;1;1;0;1;1;0;1;0;0;6;7;Perdido
996;0;0;0;1;1;1;0;1;1;0;1;0;1;7;6;Ganado
997;0;0;0;1;1;1;1;0;0;1;0;1;0;6;7;Perdido
998;0;0;0;1;1;1;1;0;0;1;0;1;1;7;6;Ganado
999;0;0;0;1;1;1;1;0;0;1;1;0;0;6;7;Perdido
1000;0;0;0;1;1;1;1;0;0;1;1;0;1;7;6;Ganado
1001;0;0;0;1;1;1;1;0;1;0;0;1;0;6;7;Perdido
1002;0;0;0;1;1;1;1;0;1;0;0;1;1;7;6;Ganado
1003;0;0;0;1;1;1;1;0;1;0;1;0;0;6;7;Perdido
1004;0;0;0;1;1;1;1;0;1;0;1;0;1;7;6;Ganado
1005;0;0;0;1;1;1;1;1;0;0;0;1;0;6;7;Perdido
1006;0;0;0;1;1;1;1;1;0;0;0;1;1;7;6;Ganado
1007;0;0;0;1;1;1;1;1;0;0;1;0;0;6;7;Perdido
1008;0;0;0;1;1;1;1;1;0;0;1;0;1;7;6;Ganado
1009;0;0;1;0;0;0;1;1;1;1;0;1;0;6;7;Perdido
1010;0;0;1;0;0;0;1;1;1;1;0;1;1;7;6;Ganado
1011;0;0;1;0;0;0;1;1;1;1;1;0;0;6;7;Perdido
1012;0;0;1;0;0;0;1;1;1;1;1;0;1;7;6;Ganado
1013;0;0;1;0;0;1;0;1;1;1;0;1;0;6;7;Perdido
1014;0;0;1;0;0;1;0;1;1;1;0;1;1;7;6;Ganado
1015;0;0;1;0;0;1;0;1;1;1;1;0;0;6;7;Perdido
1016;0;0;1;0;0;1;0;1;1;1;1;0;1;7;6;Ganado
1017;0;0;1;0;0;1;1;0;1;1;0;1;0;6;7;Perdido
1018;0;0;1;0;0;1;1;0;1;1;0;1;1;7;6;Ganado
1019;0;0;1;0;0;1;1;0;1;1;1;0;0;6;7;Perdido
1020;0;0;1;0;0;1;1;0;1;1;1;0;1;7;6;Ganado
1021;0;0;1;0;0;1;1;1;0;1;0;1;0;6;7;Perdido
1022;0;0;1;0;0;1;1;1;0;1;0;1;1;7;6;Ganado
1023;0;0;1;0;0;1;1;1;0;1;1;0;0;6;7;Perdido
1024;0;0;1;0;0;1;1;1;0;1;1;0;1;7;6;Ganado
1025;0;0;1;0;0;1;1;1;1;0;0;1;0;6;7;Perdido
1026;0;0;1;0;0;1;1;1;1;0;0;1;1;7;6;Ganado
1027;0;0;1;0;0;1;1;1;1;0;1;0;0;6;7;Perdido
1028;0;0;1;0;0;1;1;1;1;0;1;0;1;7;6;Ganado
1029;0;0;1;0;1;0;0;1;1;1;0;1;0;6;7;Perdido
1030;0;0;1;0;1;0;0;1;1;1;0;1;1;7;6;Ganado
1031;0;0;1;0;1;0;0;1;1;1;1;0;0;6;7;Perdido
1032;0;0;1;0;1;0;0;1;1;1;1;0;1;7;6;Ganado
1033;0;0;1;0;1;0;1;0;1;1;0;1;0;6;7;Perdido
1034;0;0;1;0;1;0;1;0;1;1;0;1;1;7;6;Ganado
1035;0;0;1;0;1;0;1;0;1;1;1;0;0;6;7;Perdido
1036;0;0;1;0;1;0;1;0;1;1;1;0;1;7;6;Ganado
1037;0;0;1;0;1;0;1;1;0;1;0;1;0;6;7;Perdido
1038;0;0;1;0;1;0;1;1;0;1;0;1;1;7;6;Ganado
1039;0;0;1;0;1;0;1;1;0;1;1;0;0;6;7;Perdido
1040;0;0;1;0;1;0;1;1;0;1;1;0;1;7;6;Ganado
1041;0;0;1;0;1;0;1;1;1;0;0;1;0;6;7;Perdido
1042;0;0;1;0;1;0;1;1;1;0;0;1;1;7;6;Ganado
1043;0;0;1;0;1;0;1;1;1;0;1;0;0;6;7;Perdido
1044;0;0;1;0;1;0;1;1;1;0;1;0;1;7;6;Ganado
1045;0;0;1;0;1;1;0;0;1;1;0;1;0;6;7;Perdido
1046;0;0;1;0;1;1;0;0;1;1;0;1;1;7;6;Ganado
1047;0;0;1;0;1;1;0;0;1;1;1;0;0;6;7;Perdido
1048;0;0;1;0;1;1;0;0;1;1;1;0;1;7;6;Ganado
1049;0;0;1;0;1;1;0;1;0;1;0;1;0;6;7;Perdido
1050;0;0;1;0;1;1;0;1;0;1;0;1;1;7;6;Ganado
1051;0;0;1;0;1;1;0;1;0;1;1;0;0;6;7;Perdido
1052;0;0;1;0;1;1;0;1;0;1;1;0;1;7;6;Ganado
1053;0;0;1;0;1;1;0;1;1;0;0;1;0;6;7;Perdido
1054;0;0;1;0;1;1;0;1;1;0;0;1;1;7;6;Ganado
1055;0;0;1;0;1;1;0;1;1;0;1;0;0;6;7;Perdido
1056;0;0;1;0;1;1;0;1;1;0;1;0;1;7;6;Ganado
1057;0;0;1;0;1;1;1;0;0;1;0;1;0;6;7;Perdido
1058;0;0;1;0;1;1;1;0;0;1;0;1;1;7;6;Ganado
1059;0;0;1;0;1;1;1;0;0;1;1;0;0;6;7;Perdido
1060;0;0;1;0;1;1;1;0;0;1;1;0;1;7;6;Ganado
1061;0;0;1;0;1;1;1;0;1;0;0;1;0;6;7;Perdido
1062;0;0;1;0;1;1;1;0;1;0;0;1;1;7;6;Ganado
1063;0;0;1;0;1;1;1;0;1;0;1;0;0;6;7;Perdido
1064;0;0;1;0;1;1;1;0;1;0;1;0;1;7;6;Ganado
1065;0;0;1;0;1;1;1;1;0;0;0;1;0;6;7;Perdido
1066;0;0;1;0;1;1;1;1;0;0;0;1;1;7;6;Ganado
1067;0;0;1;0;1;1;1;1;0;0;1;0;0;6;7;Perdido
1068;0;0;1;0;1;1;1;1;0;0;1;0;1;7;6;Ganado
1069;0;0;1;1;0;0;0;1;1;1;0;1;0;6;7;Perdido
1070;0;0;1;1;0;0;0;1;1;1;0;1;1;7;6;Ganado
1071;0;0;1;1;0;0;0;1;1;1;1;0;0;6;7;Perdido
1072;0;0;1;1;0;0;0;1;1;1;1;0;1;7;6;Ganado
1073;0;0;1;1;0;0;1;0;1;1;0;1;0;6;7;Perdido
1074;0;0;1;1;0;0;1;0;1;1;0;1;1;7;6;Ganado
1075;0;0;1;1;0;0;1;0;1;1;1;0;0;6;7;Perdido
1076;0;0;1;1;0;0;1;0;1;1;1;0;1;7;6;Ganado
1077;0;0;1;1;0;0;1;1;0;1;0;1;0;6;7;Perdido
1078;0;0;1;1;0;0;1;1;0;1;0;1;1;7;6;Ganado
1079;0;0;1;1;0;0;1;1;0;1;1;0;0;6;7;Perdido
1080;0;0;1;1;0;0;1;1;0;1;1;0;1;7;6;Ganado
1081;0;0;1;1;0;0;1;1;1;0;0;1;0;6;7;Perdido
1082;0;0;1;1;0;0;1;1;1;0;0;1;1;7;6;Ganado
1083;0;0;1;1;0;0;1;1;1;0;1;0;0;6;7;Perdido
1084;0;0;1;1;0;0;1;1;1;0;1;0;1;7;6;Ganado
1085;0;0;1;1;0;1;0;0;1;1;0;1;0;6;7;Perdido
1086;0;0;1;1;0;1;0;0;1;1;0;1;1;7;6;Ganado
1087;0;0;1;1;0;1;0;0;1;1;1;0;0;6;7;Perdido
1088;0;0;1;1;0;1;0;0;1;1;1;0;1;7;6;Ganado
1089;0;0;1;1;0;1;0;1;0;1;0;1;0;6;7;Perdido
1090;0;0;1;1;0;1;0;1;0;1;0;1;1;7;6;Ganado
1091;0;0;1;1;0;1;0;1;0;1;1;0;0;6;7;Perdido
1092;0;0;1;1;0;1;0;1;0;1;1;0;1;7;6;Ganado
1093;0;0;1;1;0;1;0;1;1;0;0;1;0;6;7;Perdido
1094;0;0;1;1;0;1;0;1;1;0;0;1;1;7;6;Ganado
1095;0;0;1;1;0;1;0;1;1;0;1;0;0;6;7;Perdido
1096;0;0;1;1;0;1;0;1;1;0;1;0;1;7;6;Ganado
1097;0;0;1;1;0;1;1;0;0;1;0;1;0;6;7;Perdido
1098;0;0;1;1;0;1;1;0;0;1;0;1;1;7;6;Ganado
1099;0;0;1;1;0;1;1;0;0;1;1;0;0;6;7;Perdido
1100;0;0;1;1;0;1;1;0;0;1;1;0;1;7;6;Ganado
1101;0;0;1;1;0;1;1;0;1;0;0;1;0;6;7;Perdido
1102;0;0;1;1;0;1;1;0;1;0;0;1;1;7;6;Ganado
1103;0;0;1;1;0;1;1;0;1;0;1;0;0;6;7;Perdido
1104;0;0;1;1;0;1;1;0;1;0;1;0;1;7;6;Ganado
1105;0;0;1;1;0;1;1;1;0;0;0;1;0;6;7;Perdido
1106;0;0;1;1;0;1;1;1;0;0;0;1;1;7;6;Ganado
1107;0;0;1;1;0;1;1;1;0;0;1;0;0;6;7;Perdido
1108;0;0;1;1;0;1;1;1;0;0;1;0;1;7;6;Ganado
1109;0;0;1;1;1;0;0;0;1;1;0;1;0;6;7;Perdido
1110;0;0;1;1;1;0;0;0;1;1;0;1;1;7;6;Ganado
1111;0;0;1;1;1;0;0;0;1;1;1;0;0;6;7;Perdido
1112;0;0;1;1;1;0;0;0;1;1;1;0;1;7;6;Ganado
1113;0;0;1;1;1;0;0;1;0;1;0;1;0;6;7;Perdido
1114;0;0;1;1;1;0;0;1;0;1;0;1;1;7;6;Ganado
1115;0;0;1;1;1;0;0;1;0;1;1;0;0;6;7;Perdido
1116;0;0;1;1;1;0;0;1;0;1;1;0;1;7;6;Ganado
1117;0;0;1;1;1;0;0;1;1;0;0;1;0;6;7;Perdido
1118;0;0;1;1;1;0;0;1;1;0;0;1;1;7;6;Ganado
1119;0;0;1;1;1;0;0;1;1;0;1;0;0;6;7;Perdido
1120;0;0;1;1;1;0;0;1;1;0;1;0;1;7;6;Ganado
1121;0;0;1;1;1;0;1;0;0;1;0;1;0;6;7;Perdido
1122;0;0;1;1;1;0;1;0;0;1;0;1;1;7;6;Ganado
1123;0;0;1;1;1;0;1;0;0;1;1;0;0;6;7;Perdido
1124;0;0;1;1;1;0;1;0;0;1;1;0;1;7;6;Ganado
1125;0;0;1;1;1;0;1;0;1;0;0;1;0;6;7;Perdido
1126;0;0;1;1;1;0;1;0;1;0;0;1;1;7;6;Ganado
1127;0;0;1;1;1;0;1;0;1;0;1;0;0;6;7;Perdido
1128;0;0;1;1;1;0;1;0;1;0;1;0;1;7;6;Ganado
1129;0;0;1;1;1;0;1;1;0;0;0;1;0;6;7;Perdido
1130;0;0;1;1;1;0;1;1;0;0;0;1;1;7;6;Ganado
1131;0;0;1;1;1;0;1;1;0;0;1;0;0;6;7;Perdido
1132;0;0;1;1;1;0;1;1;0;0;1;0;1;7;6;Ganado
1133;0;0;1;1;1;1;0;0;0;1;0;1;0;6;7;Perdido
1134;0;0;1;1;1;1;0;0;0;1;0;1;1;7;6;Ganado
1135;0;0;1;1;1;1;0;0;0;1;1;0;0;6;7;Perdido
1136;0;0;1;1;1;1;0;0;0;1;1;0;1;7;6;Ganado
1137;0;0;1;1;1;1;0;0;1;0;0;1;0;6;7;Perdido
1138;0;0;1;1;1;1;0;0;1;0;0;1;1;7;6;Ganado
1139;0;0;1;1;1;1;0;0;1;0;1;0;0;6;7;Perdido
1140;0;0;1;1;1;1;0;0;1;0;1;0;1;7;6;Ganado
1141;0;0;1;1;1;1;0;1;0;0;0;1;0;6;7;Perdido
1142;0;0;1;1;1;1;0;1;0;0;0;1;1;7;6;Ganado
1143;0;0;1;1;1;1;0;1;0;0;1;0;0;6;7;Perdido
1144;0;0;1;1;1;1;0;1;0;0;1;0;1;7;6;Ganado
1145;0;0;1;1;1;1;1;0;0;0;0;1;0;6;7;Perdido
1146;0;0;1;1;1;1;1;0;0;0;0;1;1;7;6;Ganado
1147;0;0;1;1;1;1;1;0;0;0;1;0;0;6;7;Perdido
1148;0;0;1;1;1;1;1;0;0;0;1;0;1;7;6;Ganado
1149;0;1;0;0;0;0;1;1;1;1;0;1;0;6;7;Perdido
1150;0;1;0;0;0;0;1;1;1;1;0;1;1;7;6;Ganado
1151;0;1;0;0;0;0;1;1;1;1;1;0;0;6;7;Perdido
1152;0;1;0;0;0;0;1;1;1;1;1;0;1;7;6;Ganado
1153;0;1;0;0;0;1;0;1;1;1;0;1;0;6;7;Perdido
1154;0;1;0;0;0;1;0;1;1;1;0;1;1;7;6;Ganado
1155;0;1;0;0;0;1;0;1;1;1;1;0;0;6;7;Perdido
1156;0;1;0;0;0;1;0;1;1;1;1;0;1;7;6;Ganado
1157;0;1;0;0;0;1;1;0;1;1;0;1;0;6;7;Perdido
1158;0;1;0;0;0;1;1;0;1;1;0;1;1;7;6;Ganado
1159;0;1;0;0;0;1;1;0;1;1;1;0;0;6;7;Perdido
1160;0;1;0;0;0;1;1;0;1;1;1;0;1;7;6;Ganado
1161;0;1;0;0;0;1;1;1;0;1;0;1;0;6;7;Perdido
1162;0;1;0;0;0;1;1;1;0;1;0;1;1;7;6;Ganado
1163;0;1;0;0;0;1;1;1;0;1;1;0;0;6;7;Perdido
1164;0;1;0;0;0;1;1;1;0;1;1;0;1;7;6;Ganado
1165;0;1;0;0;0;1;1;1;1;0;0;1;0;6;7;Perdido
1166;0;1;0;0;0;1;1;1;1;0;0;1;1;7;6;Ganado
1167;0;1;0;0;0;1;1;1;1;0;1;0;0;6;7;Perdido
1168;0;1;0;0;0;1;1;1;1;0;1;0;1;7;6;Ganado
1169;0;1;0;0;1;0;0;1;1;1;0;1;0;6;7;Perdido
1170;0;1;0;0;1;0;0;1;1;1;0;1;1;7;6;Ganado
1171;0;1;0;0;1;0;0;1;1;1;1;0;0;6;7;Perdido
1172;0;1;0;0;1;0;0;1;1;1;1;0;1;7;6;Ganado
1173;0;1;0;0;1;0;1;0;1;1;0;1;0;6;7;Perdido
1174;0;1;0;0;1;0;1;0;1;1;0;1;1;7;6;Ganado
1175;0;1;0;0;1;0;1;0;1;1;1;0;0;6;7;Perdido
1176;0;1;0;0;1;0;1;0;1;1;1;0;1;7;6;Ganado
1177;0;1;0;0;1;0;1;1;0;1;0;1;0;6;7;Perdido
1178;0;1;0;0;1;0;1;1;0;1;0;1;1;7;6;Ganado
1179;0;1;0;0;1;0;1;1;0;1;1;0;0;6;7;Perdido
1180;0;1;0;0;1;0;1;1;0;1;1;0;1;7;6;Ganado
1181;0;1;0;0;1;0;1;1;1;0;0;1;0;6;7;Perdido
1182;0;1;0;0;1;0;1;1;1;0;0;1;1;7;6;Ganado
1183;0;1;0;0;1;0;1;1;1;0;1;0;0;6;7;Perdido
1184;0;1;0;0;1;0;1;1;1;0;1;0;1;7;6;Ganado
1185;0;1;0;0;1;1;0;0;1;1;0;1;0;6;7;Perdido
1186;0;1;0;0;1;1;0;0;1;1;0;1;1;7;6;Ganado
1187;0;1;0;0;1;1;0;0;1;1;1;0;0;6;7;Perdido
1188;0;1;0;0;1;1;0;0;1;1;1;0;1;7;6;Ganado
1189;0;1;0;0;1;1;0;1;0;1;0;1;0;6;7;Perdido
1190;0;1;0;0;1;1;0;1;0;1;0;1;1;7;6;Ganado
1191;0;1;0;0;1;1;0;1;0;1;1;0;0;6;7;Perdido
1192;0;1;0;0;1;1;0;1;0;1;1;0;1;7;6;Ganado
1193;0;1;0;0;1;1;0;1;1;0;0;1;0;6;7;Perdido
1194;0;1;0;0;1;1;0;1;1;0;0;1;1;7;6;Ganado
1195;0;1;0;0;1;1;0;1;1;0;1;0;0;6;7;Perdido
1196;0;1;0;0;1;1;0;1;1;0;1;0;1;7;6;Ganado
1197;0;1;0;0;1;1;1;0;0;1;0;1;0;6;7;Perdido
1198;0;1;0;0;1;1;1;0;0;1;0;1;1;7;6;Ganado
1199;0;1;0;0;1;1;1;0;0;1;1;0;0;6;7;Perdido
1200;0;1;0;0;1;1;1;0;0;1;1;0;1;7;6;Ganado
1201;0;1;0;0;1;1;1;0;1;0;0;1;0;6;7;Perdido
1202;0;1;0;0;1;1;1;0;1;0;0;1;1;7;6;Ganado
1203;0;1;0;0;1;1;1;0;1;0;1;0;0;6;7;Perdido
1204;0;1;0;0;1;1;1;0;1;0;1;0;1;7;6;Ganado
1205;0;1;0;0;1;1;1;1;0;0;0;1;0;6;7;Perdido
1206;0;1;0;0;1;1;1;1;0;0;0;1;1;7;6;Ganado
1207;0;1;0;0;1;1;1;1;0;0;1;0;0;6;7;Perdido
1208;0;1;0;0;1;1;1;1;0;0;1;0;1;7;6;Ganado
1209;0;1;0;1;0;0;0;1;1;1;0;1;0;6;7;Perdido
1210;0;1;0;1;0;0;0;1;1;1;0;1;1;7;6;Ganado
1211;0;1;0;1;0;0;0;1;1;1;1;0;0;6;7;Perdido
1212;0;1;0;1;0;0;0;1;1;1;1;0;1;7;6;Ganado
1213;0;1;0;1;0;0;1;0;1;1;0;1;0;6;7;Perdido
1214;0;1;0;1;0;0;1;0;1;1;0;1;1;7;6;Ganado
1215;0;1;0;1;0;0;1;0;1;1;1;0;0;6;7;Perdido
1216;0;1;0;1;0;0;1;0;1;1;1;0;1;7;6;Ganado
1217;0;1;0;1;0;0;1;1;0;1;0;1;0;6;7;Perdido
1218;0;1;0;1;0;0;1;1;0;1;0;1;1;7;6;Ganado
1219;0;1;0;1;0;0;1;1;0;1;1;0;0;6;7;Perdido
1220;0;1;0;1;0;0;1;1;0;1;1;0;1;7;6;Ganado
1221;0;1;0;1;0;0;1;1;1;0;0;1;0;6;7;Perdido
1222;0;1;0;1;0;0;1;1;1;0;0;1;1;7;6;Ganado
1223;0;1;0;1;0;0;1;1;1;0;1;0;0;6;7;Perdido
1224;0;1;0;1;0;0;1;1;1;0;1;0;1;7;6;Ganado
1225;0;1;0;1;0;1;0;0;1;1;0;1;0;6;7;Perdido
1226;0;1;0;1;0;1;0;0;1;1;0;1;1;7;6;Ganado
1227;0;1;0;1;0;1;0;0;1;1;1;0;0;6;7;Perdido
1228;0;1;0;1;0;1;0;0;1;1;1;0;1;7;6;Ganado
1229;0;1;0;1;0;1;0;1;0;1;0;1;0;6;7;Perdido
1230;0;1;0;1;0;1;0;1;0;1;0;1;1;7;6;Ganado
1231;0;1;0;1;0;1;0;1;0;1;1;0;0;6;7;Perdido
1232;0;1;0;1;0;1;0;1;0;1;1;0;1;7;6;Ganado
1233;0;1;0;1;0;1;0;1;1;0;0;1;0;6;7;Perdido
1234;0;1;0;1;0;1;0;1;1;0;0;1;1;7;6;Ganado
1235;0;1;0;1;0;1;0;1;1;0;1;0;0;6;7;Perdido
1236;0;1;0;1;0;1;0;1;1;0;1;0;1;7;6;Ganado
1237;0;1;0;1;0;1;1;0;0;1;0;1;0;6;7;Perdido
1238;0;1;0;1;0;1;1;0;0;1;0;1;1;7;6;Ganado
1239;0;1;0;1;0;1;1;0;0;1;1;0;0;6;7;Perdido
1240;0;1;0;1;0;1;1;0;0;1;1;0;1;7;6;Ganado
1241;0;1;0;1;0;1;1;0;1;0;0;1;0;6;7;Perdido
1242;0;1;0;1;0;1;1;0;1;0;0;1;1;7;6;Ganado
1243;0;1;0;1;0;1;1;0;1;0;1;0;0;6;7;Perdido
1244;0;1;0;1;0;1;1;0;1;0;1;0;1;7;6;Ganado
1245;0;1;0;1;0;1;1;1;0;0;0;1;0;6;7;Perdido
1246;0;1;0;1;0;1;1;1;0;0;0;1;1;7;6;Ganado
1247;0;1;0;1;0;1;1;1;0;0;1;0;0;6;7;Perdido
1248;0;1;0;1;0;1;1;1;0;0;1;0;1;7;6;Ganado
1249;0;1;0;1;1;0;0;0;1;1;0;1;0;6;7;Perdido
1250;0;1;0;1;1;0;0;0;1;1;0;1;1;7;6;Ganado
1251;0;1;0;1;1;0;0;0;1;1;1;0;0;6;7;Perdido
1252;0;1;0;1;1;0;0;0;1;1;1;0;1;7;6;Ganado
1253;0;1;0;1;1;0;0;1;0;1;0;1;0;6;7;Perdido
1254;0;1;0;1;1;0;0;1;0;1;0;1;1;7;6;Ganado
1255;0;1;0;1;1;0;0;1;0;1;1;0;0;6;7;Perdido
1256;0;1;0;1;1;0;0;1;0;1;1;0;1;7;6;Ganado
1257;0;1;0;1;1;0;0;1;1;0;0;1;0;6;7;Perdido
1258;0;1;0;1;1;0;0;1;1;0;0;1;1;7;6;Ganado
1259;0;1;0;1;1;0;0;1;1;0;1;0;0;6;7;Perdido
1260;0;1;0;1;1;0;0;1;1;0;1;0;1;7;6;Ganado
1261;0;1;0;1;1;0;1;0;0;1;0;1;0;6;7;Perdido
1262;0;1;0;1;1;0;1;0;0;1;0;1;1;7;6;Ganado
1263;0;1;0;1;1;0;1;0;0;1;1;0;0;6;7;Perdido
1264;0;1;0;1;1;0;1;0;0;1;1;0;1;7;6;Ganado
1265;0;1;0;1;1;0;1;0;1;0;0;1;0;6;7;Perdido
1266;0;1;0;1;1;0;1;0;1;0;0;1;1;7;6;Ganado
1267;0;1;0;1;1;0;1;0;1;0;1;0;0;6;7;Perdido
1268;0;1;0;1;1;0;1;0;1;0;1;0;1;7;6;Ganado
1269;0;1;0;1;1;0;1;1;0;0;0;1;0;6;7;Perdido
1270;0;1;0;1;1;0;1;1;0;0;0;1;1;7;6;Ganado
1271;0;1;0;1;1;0;1;1;0;0;1;0;0;6;7;Perdido
1272;0;1;0;1;1;0;1;1;0;0;1;0;1;7;6;Ganado
1273;0;1;0;1;1;1;0;0;0;1;0;1;0;6;7;Perdido
1274;0;1;0;1;1;1;0;0;0;1;0;1;1;7;6;Ganado
1275;0;1;0;1;1;1;0;0;0;1;1;0;0;6;7;Perdido
1276;0;1;0;1;1;1;0;0;0;1;1;0;1;7;6;Ganado
1277;0;1;0;1;1;1;0;0;1;0;0;1;0;6;7;Perdido
1278;0;1;0;1;1;1;0;0;1;0;0;1;1;7;6;Ganado
1279;0;1;0;1;1;1;0;0;1;0;1;0;0;6;7;Perdido
1280;0;1;0;1;1;1;0;0;1;0;1;0;1;7;6;Ganado
1281;0;1;0;1;1;1;0;1;0;0;0;1;0;6;7;Perdido
1282;0;1;0;1;1;1;0;1;0;0;0;1;1;7;6;Ganado
1283;0;1;0;1;1;1;0;1;0;0;1;0;0;6;7;Perdido
1284;0;1;0;1;1;1;0;1;0;0;1;0;1;7;6;Ganado
1285;0;1;0;1;1;1;1;0;0;0;0;1;0;6;7;Perdido
1286;0;1;0;1;1;1;1;0;0;0;0;1;1;7;6;Ganado
1287;0;1;0;1;1;1;1;0;0;0;1;0;0;6;7;Perdido
1288;0;1;0;1;1;1;1;0;0;0;1;0;1;7;6;Ganado
1289;0;1;1;0;0;0;0;1;1;1;0;1;0;6;7;Perdido
1290;0;1;1;0;0;0;0;1;1;1;0;1;1;7;6;Ganado
1291;0;1;1;0;0;0;0;1;1;1;1;0;0;6;7;Perdido
1292;0;1;1;0;0;0;0;1;1;1;1;0;1;7;6;Ganado
1293;0;1;1;0;0;0;1;0;1;1;0;1;0;6;7;Perdido
1294;0;1;1;0;0;0;1;0;1;1;0;1;1;7;6;Ganado
1295;0;1;1;0;0;0;1;0;1;1;1;0;0;6;7;Perdido
1296;0;1;1;0;0;0;1;0;1;1;1;0;1;7;6;Ganado
1297;0;1;1;0;0;0;1;1;0;1;0;1;0;6;7;Perdido
1298;0;1;1;0;0;0;1;1;0;1;0;1;1;7;6;Ganado
1299;0;1;1;0;0;0;1;1;0;1;1;0;0;6;7;Perdido
1300;0;1;1;0;0;0;1;1;0;1;1;0;1;7;6;Ganado
1301;0;1;1;0;0;0;1;1;1;0;0;1;0;6;7;Perdido
1302;0;1;1;0;0;0;1;1;1;0;0;1;1;7;6;Ganado
1303;0;1;1;0;0;0;1;1;1;0;1;0;0;6;7;Perdido
1304;0;1;1;0;0;0;1;1;1;0;1;0;1;7;6;Ganado
1305;0;1;1;0;0;1;0;0;1;1;0;1;0;6;7;Perdido
1306;0;1;1;0;0;1;0;0;1;1;0;1;1;7;6;Ganado
1307;0;1;1;0;0;1;0;0;1;1;1;0;0;6;7;Perdido
1308;0;1;1;0;0;1;0;0;1;1;1;0;1;7;6;Ganado
1309;0;1;1;0;0;1;0;1;0;1;0;1;0;6;7;Perdido
1310;0;1;1;0;0;1;0;1;0;1;0;1;1;7;6;Ganado
1311;0;1;1;0;0;1;0;1;0;1;1;0;0;6;7;Perdido
1312;0;1;1;0;0;1;0;1;0;1;1;0;1;7;6;Ganado
1313;0;1;1;0;0;1;0;1;1;0;0;1;0;6;7;Perdido
1314;0;1;1;0;0;1;0;1;1;0;0;1;1;7;6;Ganado
1315;0;1;1;0;0;1;0;1;1;0;1;0;0;6;7;Perdido
1316;0;1;1;0;0;1;0;1;1;0;1;0;1;7;6;Ganado
1317;0;1;1;0;0;1;1;0;0;1;0;1;0;6;7;Perdido
1318;0;1;1;0;0;1;1;0;0;1;0;1;1;7;6;Ganado
1319;0;1;1;0;0;1;1;0;0;1;1;0;0;6;7;Perdido
1320;0;1;1;0;0;1;1;0;0;1;1;0;1;7;6;Ganado
1321;0;1;1;0;0;1;1;0;1;0;0;1;0;6;7;Perdido
1322;0;1;1;0;0;1;1;0;1;0;0;1;1;7;6;Ganado
1323;0;1;1;0;0;1;1;0;1;0;1;0;0;6;7;Perdido
1324;0;1;1;0;0;1;1;0;1;0;1;0;1;7;6;Ganado
1325;0;1;1;0;0;1;1;1;0;0;0;1;0;6;7;Perdido
1326;0;1;1;0;0;1;1;1;0;0;0;1;1;7;6;Ganado
1327;0;1;1;0;0;1;1;1;0;0;1;0;0;6;7;Perdido
1328;0;1;1;0;0;1;1;1;0;0;1;0;1;7;6;Ganado
1329;0;1;1;0;1;0;0;0;1;1;0;1;0;6;7;Perdido
1330;0;1;1;0;1;0;0;0;1;1;0;1;1;7;6;Ganado
1331;0;1;1;0;1;0;0;0;1;1;1;0;0;6;7;Perdido
1332;0;1;1;0;1;0;0;0;1;1;1;0;1;7;6;Ganado
1333;0;1;1;0;1;0;0;1;0;1;0;1;0;6;7;Perdido
1334;0;1;1;0;1;0;0;1;0;1;0;1;1;7;6;Ganado
1335;0;1;1;0;1;0;0;1;0;1;1;0;0;6;7;Perdido
1336;0;1;1;0;1;0;0;1;0;1;1;0;1;7;6;Ganado
1337;0;1;1;0;1;0;0;1;1;0;0;1;0;6;7;Perdido
1338;0;1;1;0;1;0;0;1;1;0;0;1;1;7;6;Ganado
1339;0;1;1;0;1;0;0;1;1;0;1;0;0;6;7;Perdido
1340;0;1;1;0;1;0;0;1;1;0;1;0;1;7;6;Ganado
1341;0;1;1;0;1;0;1;0;0;1;0;1;0;6;7;Perdido
1342;0;1;1;0;1;0;1;0;0;1;0;1;1;7;6;Ganado
1343;0;1;1;0;1;0;1;0;0;1;1;0;0;6;7;Perdido
1344;0;1;1;0;1;0;1;0;0;1;1;0;1;7;6;Ganado
1345;0;1;1;0;1;0;1;0;1;0;0;1;0;6;7;Perdido
1346;0;1;1;0;1;0;1;0;1;0;0;1;1;7;6;Ganado
1347;0;1;1;0;1;0;1;0;1;0;1;0;0;6;7;Perdido
1348;0;1;1;0;1;0;1;0;1;0;1;0;1;7;6;Ganado
1349;0;1;1;0;1;0;1;1;0;0;0;1;0;6;7;Perdido
1350;0;1;1;0;1;0;1;1;0;0;0;1;1;7;6;Ganado
1351;0;1;1;0;1;0;1;1;0;0;1;0;0;6;7;Perdido
1352;0;1;1;0;1;0;1;1;0;0;1;0;1;7;6;Ganado
1353;0;1;1;0;1;1;0;0;0;1;0;1;0;6;7;Perdido
1354;0;1;1;0;1;1;0;0;0;1;0;1;1;7;6;Ganado
1355;0;1;1;0;1;1;0;0;0;1;1;0;0;6;7;Perdido
1356;0;1;1;0;1;1;0;0;0;1;1;0;1;7;6;Ganado
1357;0;1;1;0;1;1;0;0;1;0;0;1;0;6;7;Perdido
1358;0;1;1;0;1;1;0;0;1;0;0;1;1;7;6;Ganado
1359;0;1;1;0;1;1;0;0;1;0;1;0;0;6;7;Perdido
1360;0;1;1;0;1;1;0;0;1;0;1;0;1;7;6;Ganado
1361;0;1;1;0;1;1;0;1;0;0;0;1;0;6;7;Perdido
1362;0;1;1;0;1;1;0;1;0;0;0;1;1;7;6;Ganado
1363;0;1;1;0;1;1;0;1;0;0;1;0;0;6;7;Perdido
1364;0;1;1;0;1;1;0;1;0;0;1;0;1;7;6;Ganado
1365;0;1;1;0;1;1;1;0;0;0;0;1;0;6;7;Perdido
1366;0;1;1;0;1;1;1;0;0;0;0;1;1;7;6;Ganado
1367;0;1;1;0;1;1;1;0;0;0;1;0;0;6;7;Perdido
1368;0;1;1;0;1;1;1;0;0;0;1;0;1;7;6;Ganado
1369;0;1;1;1;0;0;0;0;1;1;0;1;0;6;7;Perdido
1370;0;1;1;1;0;0;0;0;1;1;0;1;1;7;6;Ganado
1371;0;1;1;1;0;0;0;0;1;1;1;0;0;6;7;Perdido
1372;0;1;1;1;0;0;0;0;1;1;1;0;1;7;6;Ganado
1373;0;1;1;1;0;0;0;1;0;1;0;1;0;6;7;Perdido
1374;0;1;1;1;0;0;0;1;0;1;0;1;1;7;6;Ganado
1375;0;1;1;1;0;0;0;1;0;1;1;0;0;6;7;Perdido
1376;0;1;1;1;0;0;0;1;0;1;1;0;1;7;6;Ganado
1377;0;1;1;1;0;0;0;1;1;0;0;1;0;6;7;Perdido
1378;0;1;1;1;0;0;0;1;1;0;0;1;1;7;6;Ganado
1379;0;1;1;1;0;0;0;1;1;0;1;0;0;6;7;Perdido
1380;0;1;1;1;0;0;0;1;1;0;1;0;1;7;6;Ganado
1381;0;1;1;1;0;0;1;0;0;1;0;1;0;6;7;Perdido
1382;0;1;1;1;0;0;1;0;0;1;0;1;1;7;6;Ganado
1383;0;1;1;1;0;0;1;0;0;1;1;0;0;6;7;Perdido
1384;0;1;1;1;0;0;1;0;0;1;1;0;1;7;6;Ganado
1385;0;1;1;1;0;0;1;0;1;0;0;1;0;6;7;Perdido
1386;0;1;1;1;0;0;1;0;1;0;0;1;1;7;6;Ganado
1387;0;1;1;1;0;0;1;0;1;0;1;0;0;6;7;Perdido
1388;0;1;1;1;0;0;1;0;1;0;1;0;1;7;6;Ganado
1389;0;1;1;1;0;0;1;1;0;0;0;1;0;6;7;Perdido
1390;0;1;1;1;0;0;1;1;0;0;0;1;1;7;6;Ganado
1391;0;1;1;1;0;0;1;1;0;0;1;0;0;6;7;Perdido
1392;0;1;1;1;0;0;1;1;0;0;1;0;1;7;6;Ganado
1393;0;1;1;1;0;1;0;0;0;1;0;1;0;6;7;Perdido
1394;0;1;1;1;0;1;0;0;0;1;0;1;1;7;6;Ganado
1395;0;1;1;1;0;1;0;0;0;1;1;0;0;6;7;Perdido
1396;0;1;1;1;0;1;0;0;0;1;1;0;1;7;6;Ganado
1397;0;1;1;1;0;1;0;0;1;0;0;1;0;6;7;Perdido
1398;0;1;1;1;0;1;0;0;1;0;0;1;1;7;6;Ganado
1399;0;1;1;1;0;1;0;0;1;0;1;0;0;6;7;Perdido
1400;0;1;1;1;0;1;0;0;1;0;1;0;1;7;6;Ganado
1401;0;1;1;1;0;1;0;1;0;0;0;1;0;6;7;Perdido
1402;0;1;1;1;0;1;0;1;0;0;0;1;1;7;6;Ganado
1403;0;1;1;1;0;1;0;1;0;0;1;0;0;6;7;Perdido
1404;0;1;1;1;0;1;0;1;0;0;1;0;1;7;6;Ganado
1405;0;1;1;1;0;1;1;0;0;0;0;1;0;6;7;Perdido
1406;0;1;1;1;0;1;1;0;0;0;0;1;1;7;6;Ganado
1407;0;1;1;1;0;1;1;0;0;0;1;0;0;6;7;Perdido
1408;0;1;1;1;0;1;1;0;0;0;1;0;1;7;6;Ganado
1409;0;1;1;1;1;0;0;0;0;1;0;1;0;6;7;Perdido
1410;0;1;1;1;1;0;0;0;0;1;0;1;1;7;6;Ganado
1411;0;1;1;1;1;0;0;0;0;1;1;0;0;6;7;Perdido
1412;0;1;1;1;1;0;0;0;0;1;1;0;1;7;6;Ganado
1413;0;1;1;1;1;0;0;0;1;0;0;1;0;6;7;Perdido
1414;0;1;1;1;1;0;0;0;1;0;0;1;1;7;6;Ganado
1415;0;1;1;1;1;0;0;0;1;0;1;0;0;6;7;Perdido
1416;0;1;1;1;1;0;0;0;1;0;1;0;1;7;6;Ganado
1417;0;1;1;1;1;0;0;1;0;0;0;1;0;6;7;Perdido
1418;0;1;1;1;1;0;0;1;0;0;0;1;1;7;6;Ganado
1419;0;1;1;1;1;0;0;1;0;0;1;0;0;6;7;Perdido
1420;0;1;1;1;1;0;0;1;0;0;1;0;1;7;6;Ganado
1421;0;1;1;1;1;0;1;0;0;0;0;1;0;6;7;Perdido
1422;0;1;1;1;1;0;1;0;0;0;0;1;1;7;6;Ganado
1423;0;1;1;1;1;0;1;0;0;0;1;0;0;6;7;Perdido
1424;0;1;1;1;1;0;1;0;0;0;1;0;1;7;6;Ganado
1425;0;1;1;1;1;1;0;0;0;0;0;1;0;6;7;Perdido
1426;0;1;1;1;1;1;0;0;0;0;0;1;1;7;6;Ganado
1427;0;1;1;1;1;1;0;0;0;0;1;0;0;6;7;Perdido
1428;0;1;1;1;1;1;0;0;0;0;1;0;1;7;6;Ganado
1429;1;0;0;0;0;0;1;1;1;1;0;1;0;6;7;Perdido
1430;1;0;0;0;0;0;1;1;1;1;0;1;1;7;6;Ganado
1431;1;0;0;0;0;0;1;1;1;1;1;0;0;6;7;Perdido
1432;1;0;0;0;0;0;1;1;1;1;1;0;1;7;6;Ganado
1433;1;0;0;0;0;1;0;1;1;1;0;1;0;6;7;Perdido
1434;1;0;0;0;0;1;0;1;1;1;0;1;1;7;6;Ganado
1435;1;0;0;0;0;1;0;1;1;1;1;0;0;6;7;Perdido
1436;1;0;0;0;0;1;0;1;1;1;1;0;1;7;6;Ganado
1437;1;0;0;0;0;1;1;0;1;1;0;1;0;6;7;Perdido
1438;1;0;0;0;0;1;1;0;1;1;0;1;1;7;6;Ganado
1439;1;0;0;0;0;1;1;0;1;1;1;0;0;6;7;Perdido
1440;1;0;0;0;0;1;1;0;1;1;1;0;1;7;6;Ganado
1441;1;0;0;0;0;1;1;1;0;1;0;1;0;6;7;Perdido
1442;1;0;0;0;0;1;1;1;0;1;0;1;1;7;6;Ganado
1443;1;0;0;0;0;1;1;1;0;1;1;0;0;6;7;Perdido
1444;1;0;0;0;0;1;1;1;0;1;1;0;1;7;6;Ganado
1445;1;0;0;0;0;1;1;1;1;0;0;1;0;6;7;Perdido
1446;1;0;0;0;0;1;1;1;1;0;0;1;1;7;6;Ganado
1447;1;0;0;0;0;1;1;1;1;0;1;0;0;6;7;Perdido
1448;1;0;0;0;0;1;1;1;1;0;1;0;1;7;6;Ganado
1449;1;0;0;0;1;0;0;1;1;1;0;1;0;6;7;Perdido
1450;1;0;0;0;1;0;0;1;1;1;0;1;1;7;6;Ganado
1451;1;0;0;0;1;0;0;1;1;1;1;0;0;6;7;Perdido
1452;1;0;0;0;1;0;0;1;1;1;1;0;1;7;6;Ganado
1453;1;0;0;0;1;0;1;0;1;1;0;1;0;6;7;Perdido
1454;1;0;0;0;1;0;1;0;1;1;0;1;1;7;6;Ganado
1455;1;0;0;0;1;0;1;0;1;1;1;0;0;6;7;Perdido
1456;1;0;0;0;1;0;1;0;1;1;1;0;1;7;6;Ganado
1457;1;0;0;0;1;0;1;1;0;1;0;1;0;6;7;Perdido
1458;1;0;0;0;1;0;1;1;0;1;0;1;1;7;6;Ganado
1459;1;0;0;0;1;0;1;1;0;1;1;0;0;6;7;Perdido
1460;1;0;0;0;1;0;1;1;0;1;1;0;1;7;6;Ganado
1461;1;0;0;0;1;0;1;1;1;0;0;1;0;6;7;Perdido
1462;1;0;0;0;1;0;1;1;1;0;0;1;1;7;6;Ganado
1463;1;0;0;0;1;0;1;1;1;0;1;0;0;6;7;Perdido
1464;1;0;0;0;1;0;1;1;1;0;1;0;1;7;6;Ganado
1465;1;0;0;0;1;1;0;0;1;1;0;1;0;6;7;Perdido
1466;1;0;0;0;1;1;0;0;1;1;0;1;1;7;6;Ganado
1467;1;0;0;0;1;1;0;0;1;1;1;0;0;6;7;Perdido
1468;1;0;0;0;1;1;0;0;1;1;1;0;1;7;6;Ganado
1469;1;0;0;0;1;1;0;1;0;1;0;1;0;6;7;Perdido
1470;1;0;0;0;1;1;0;1;0;1;0;1;1;7;6;Ganado
1471;1;0;0;0;1;1;0;1;0;1;1;0;0;6;7;Perdido
1472;1;0;0;0;1;1;0;1;0;1;1;0;1;7;6;Ganado
1473;1;0;0;0;1;1;0;1;1;0;0;1;0;6;7;Perdido
1474;1;0;0;0;1;1;0;1;1;0;0;1;1;7;6;Ganado
1475;1;0;0;0;1;1;0;1;1;0;1;0;0;6;7;Perdido
1476;1;0;0;0;1;1;0;1;1;0;1;0;1;7;6;Ganado
1477;1;0;0;0;1;1;1;0;0;1;0;1;0;6;7;Perdido
1478;1;0;0;0;1;1;1;0;0;1;0;1;1;7;6;Ganado
1479;1;0;0;0;1;1;1;0;0;1;1;0;0;6;7;Perdido
1480;1;0;0;0;1;1;1;0;0;1;1;0;1;7;6;Ganado
1481;1;0;0;0;1;1;1;0;1;0;0;1;0;6;7;Perdido
1482;1;0;0;0;1;1;1;0;1;0;0;1;1;7;6;Ganado
1483;1;0;0;0;1;1;1;0;1;0;1;0;0;6;7;Perdido
1484;1;0;0;0;1;1;1;0;1;0;1;0;1;7;6;Ganado
1485;1;0;0;0;1;1;1;1;0;0;0;1;0;6;7;Perdido
1486;1;0;0;0;1;1;1;1;0;0;0;1;1;7;6;Ganado
1487;1;0;0;0;1;1;1;1;0;0;1;0;0;6;7;Perdido
1488;1;0;0;0;1;1;1;1;0;0;1;0;1;7;6;Ganado
1489;1;0;0;1;0;0;0;1;1;1;0;1;0;6;7;Perdido
1490;1;0;0;1;0;0;0;1;1;1;0;1;1;7;6;Ganado
1491;1;0;0;1;0;0;0;1;1;1;1;0;0;6;7;Perdido
1492;1;0;0;1;0;0;0;1;1;1;1;0;1;7;6;Ganado
1493;1;0;0;1;0;0;1;0;1;1;0;1;0;6;7;Perdido
1494;1;0;0;1;0;0;1;0;1;1;0;1;1;7;6;Ganado
1495;1;0;0;1;0;0;1;0;1;1;1;0;0;6;7;Perdido
1496;1;0;0;1;0;0;1;0;1;1;1;0;1;7;6;Ganado
1497;1;0;0;1;0;0;1;1;0;1;0;1;0;6;7;Perdido
1498;1;0;0;1;0;0;1;1;0;1;0;1;1;7;6;Ganado
1499;1;0;0;1;0;0;1;1;0;1;1;0;0;6;7;Perdido
1500;1;0;0;1;0;0;1;1;0;1;1;0;1;7;6;Ganado
1501;1;0;0;1;0;0;1;1;1;0;0;1;0;6;7;Perdido
1502;1;0;0;1;0;0;1;1;1;0;0;1;1;7;6;Ganado
1503;1;0;0;1;0;0;1;1;1;0;1;0;0;6;7;Perdido
1504;1;0;0;1;0;0;1;1;1;0;1;0;1;7;6;Ganado
1505;1;0;0;1;0;1;0;0;1;1;0;1;0;6;7;Perdido
1506;1;0;0;1;0;1;0;0;1;1;0;1;1;7;6;Ganado
1507;1;0;0;1;0;1;0;0;1;1;1;0;0;6;7;Perdido
1508;1;0;0;1;0;1;0;0;1;1;1;0;1;7;6;Ganado
1509;1;0;0;1;0;1;0;1;0;1;0;1;0;6;7;Perdido
1510;1;0;0;1;0;1;0;1;0;1;0;1;1;7;6;Ganado
1511;1;0;0;1;0;1;0;1;0;1;1;0;0;6;7;Perdido
1512;1;0;0;1;0;1;0;1;0;1;1;0;1;7;6;Ganado
1513;1;0;0;1;0;1;0;1;1;0;0;1;0;6;7;Perdido
1514;1;0;0;1;0;1;0;1;1;0;0;1;1;7;6;Ganado
1515;1;0;0;1;0;1;0;1;1;0;1;0;0;6;7;Perdido
1516;1;0;0;1;0;1;0;1;1;0;1;0;1;7;6;Ganado
1517;1;0;0;1;0;1;1;0;0;1;0;1;0;6;7;Perdido
1518;1;0;0;1;0;1;1;0;0;1;0;1;1;7;6;Ganado
1519;1;0;0;1;0;1;1;0;0;1;1;0;0;6;7;Perdido
1520;1;0;0;1;0;1;1;0;0;1;1;0;1;7;6;Ganado
1521;1;0;0;1;0;1;1;0;1;0;0;1;0;6;7;Perdido
1522;1;0;0;1;0;1;1;0;1;0;0;1;1;7;6;Ganado
1523;1;0;0;1;0;1;1;0;1;0;1;0;0;6;7;Perdido
1524;1;0;0;1;0;1;1;0;1;0;1;0;1;7;6;Ganado
1525;1;0;0;1;0;1;1;1;0;0;0;1;0;6;7;Perdido
1526;1;0;0;1;0;1;1;1;0;0;0;1;1;7;6;Ganado
1527;1;0;0;1;0;1;1;1;0;0;1;0;0;6;7;Perdido
1528;1;0;0;1;0;1;1;1;0;0;1;0;1;7;6;Ganado
1529;1;0;0;1;1;0;0;0;1;1;0;1;0;6;7;Perdido
1530;1;0;0;1;1;0;0;0;1;1;0;1;1;7;6;Ganado
1531;1;0;0;1;1;0;0;0;1;1;1;0;0;6;7;Perdido
1532;1;0;0;1;1;0;0;0;1;1;1;0;1;7;6;Ganado
1533;1;0;0;1;1;0;0;1;0;1;0;1;0;6;7;Perdido
1534;1;0;0;1;1;0;0;1;0;1;0;1;1;7;6;Ganado
1535;1;0;0;1;1;0;0;1;0;1;1;0;0;6;7;Perdido
1536;1;0;0;1;1;0;0;1;0;1;1;0;1;7;6;Ganado
1537;1;0;0;1;1;0;0;1;1;0;0;1;0;6;7;Perdido
1538;1;0;0;1;1;0;0;1;1;0;0;1;1;7;6;Ganado
1539;1;0;0;1;1;0;0;1;1;0;1;0;0;6;7;Perdido
1540;1;0;0;1;1;0;0;1;1;0;1;0;1;7;6;Ganado
1541;1;0;0;1;1;0;1;0;0;1;0;1;0;6;7;Perdido
1542;1;0;0;1;1;0;1;0;0;1;0;1;1;7;6;Ganado
1543;1;0;0;1;1;0;1;0;0;1;1;0;0;6;7;Perdido
1544;1;0;0;1;1;0;1;0;0;1;1;0;1;7;6;Ganado
1545;1;0;0;1;1;0;1;0;1;0;0;1;0;6;7;Perdido
1546;1;0;0;1;1;0;1;0;1;0;0;1;1;7;6;Ganado
1547;1;0;0;1;1;0;1;0;1;0;1;0;0;6;7;Perdido
1548;1;0;0;1;1;0;1;0;1;0;1;0;1;7;6;Ganado
1549;1;0;0;1;1;0;1;1;0;0;0;1;0;6;7;Perdido
1550;1;0;0;1;1;0;1;1;0;0;0;1;1;7;6;Ganado
1551;1;0;0;1;1;0;1;1;0;0;1;0;0;6;7;Perdido
1552;1;0;0;1;1;0;1;1;0;0;1;0;1;7;6;Ganado
1553;1;0;0;1;1;1;0;0;0;1;0;1;0;6;7;Perdido
1554;1;0;0;1;1;1;0;0;0;1;0;1;1;7;6;Ganado
1555;1;0;0;1;1;1;0;0;0;1;1;0;0;6;7;Perdido
1556;1;0;0;1;1;1;0;0;0;1;1;0;1;7;6;Ganado
1557;1;0;0;1;1;1;0;0;1;0;0;1;0;6;7;Perdido
1558;1;0;0;1;1;1;0;0;1;0;0;1;1;7;6;Ganado
1559;1;0;0;1;1;1;0;0;1;0;1;0;0;6;7;Perdido
1560;1;0;0;1;1;1;0;0;1;0;1;0;1;7;6;Ganado
1561;1;0;0;1;1;1;0;1;0;0;0;1;0;6;7;Perdido
1562;1;0;0;1;1;1;0;1;0;0;0;1;1;7;6;Ganado
1563;1;0;0;1;1;1;0;1;0;0;1;0;0;6;7;Perdido
1564;1;0;0;1;1;1;0;1;0;0;1;0;1;7;6;Ganado
1565;1;0;0;1;1;1;1;0;0;0;0;1;0;6;7;Perdido
1566;1;0;0;1;1;1;1;0;0;0;0;1;1;7;6;Ganado
1567;1;0;0;1;1;1;1;0;0;0;1;0;0;6;7;Perdido
1568;1;0;0;1;1;1;1;0;0;0;1;0;1;7;6;Ganado
1569;1;0;1;0;0;0;0;1;1;1;0;1;0;6;7;Perdido
1570;1;0;1;0;0;0;0;1;1;1;0;1;1;7;6;Ganado
1571;1;0;1;0;0;0;0;1;1;1;1;0;0;6;7;Perdido
1572;1;0;1;0;0;0;0;1;1;1;1;0;1;7;6;Ganado
1573;1;0;1;0;0;0;1;0;1;1;0;1;0;6;7;Perdido
1574;1;0;1;0;0;0;1;0;1;1;0;1;1;7;6;Ganado
1575;1;0;1;0;0;0;1;0;1;1;1;0;0;6;7;Perdido
1576;1;0;1;0;0;0;1;0;1;1;1;0;1;7;6;Ganado
1577;1;0;1;0;0;0;1;1;0;1;0;1;0;6;7;Perdido
1578;1;0;1;0;0;0;1;1;0;1;0;1;1;7;6;Ganado
1579;1;0;1;0;0;0;1;1;0;1;1;0;0;6;7;Perdido
1580;1;0;1;0;0;0;1;1;0;1;1;0;1;7;6;Ganado
1581;1;0;1;0;0;0;1;1;1;0;0;1;0;6;7;Perdido
1582;1;0;1;0;0;0;1;1;1;0;0;1;1;7;6;Ganado
1583;1;0;1;0;0;0;1;1;1;0;1;0;0;6;7;Perdido
1584;1;0;1;0;0;0;1;1;1;0;1;0;1;7;6;Ganado
1585;1;0;1;0;0;1;0;0;1;1;0;1;0;6;7;Perdido
1586;1;0;1;0;0;1;0;0;1;1;0;1;1;7;6;Ganado
1587;1;0;1;0;0;1;0;0;1;1;1;0;0;6;7;Perdido
1588;1;0;1;0;0;1;0;0;1;1;1;0;1;7;6;Ganado
1589;1;0;1;0;0;1;0;1;0;1;0;1;0;6;7;Perdido
1590;1;0;1;0;0;1;0;1;0;1;0;1;1;7;6;Ganado
1591;1;0;1;0;0;1;0;1;0;1;1;0;0;6;7;Perdido
1592;1;0;1;0;0;1;0;1;0;1;1;0;1;7;6;Ganado
1593;1;0;1;0;0;1;0;1;1;0;0;1;0;6;7;Perdido
1594;1;0;1;0;0;1;0;1;1;0;0;1;1;7;6;Ganado
1595;1;0;1;0;0;1;0;1;1;0;1;0;0;6;7;Perdido
1596;1;0;1;0;0;1;0;1;1;0;1;0;1;7;6;Ganado
1597;1;0;1;0;0;1;1;0;0;1;0;1;0;6;7;Perdido
1598;1;0;1;0;0;1;1;0;0;1;0;1;1;7;6;Ganado
1599;1;0;1;0;0;1;1;0;0;1;1;0;0;6;7;Perdido
1600;1;0;1;0;0;1;1;0;0;1;1;0;1;7;6;Ganado
1601;1;0;1;0;0;1;1;0;1;0;0;1;0;6;7;Perdido
1602;1;0;1;0;0;1;1;0;1;0;0;1;1;7;6;Ganado
1603;1;0;1;0;0;1;1;0;1;0;1;0;0;6;7;Perdido
1604;1;0;1;0;0;1;1;0;1;0;1;0;1;7;6;Ganado
1605;1;0;1;0;0;1;1;1;0;0;0;1;0;6;7;Perdido
1606;1;0;1;0;0;1;1;1;0;0;0;1;1;7;6;Ganado
1607;1;0;1;0;0;1;1;1;0;0;1;0;0;6;7;Perdido
1608;1;0;1;0;0;1;1;1;0;0;1;0;1;7;6;Ganado
1609;1;0;1;0;1;0;0;0;1;1;0;1;0;6;7;Perdido
1610;1;0;1;0;1;0;0;0;1;1;0;1;1;7;6;Ganado
1611;1;0;1;0;1;0;0;0;1;1;1;0;0;6;7;Perdido
1612;1;0;1;0;1;0;0;0;1;1;1;0;1;7;6;Ganado
1613;1;0;1;0;1;0;0;1;0;1;0;1;0;6;7;Perdido
1614;1;0;1;0;1;0;0;1;0;1;0;1;1;7;6;Ganado
1615;1;0;1;0;1;0;0;1;0;1;1;0;0;6;7;Perdido
1616;1;0;1;0;1;0;0;1;0;1;1;0;1;7;6;Ganado
1617;1;0;1;0;1;0;0;1;1;0;0;1;0;6;7;Perdido
1618;1;0;1;0;1;0;0;1;1;0;0;1;1;7;6;Ganado
1619;1;0;1;0;1;0;0;1;1;0;1;0;0;6;7;Perdido
1620;1;0;1;0;1;0;0;1;1;0;1;0;1;7;6;Ganado
1621;1;0;1;0;1;0;1;0;0;1;0;1;0;6;7;Perdido
1622;1;0;1;0;1;0;1;0;0;1;0;1;1;7;6;Ganado
1623;1;0;1;0;1;0;1;0;0;1;1;0;0;6;7;Perdido
1624;1;0;1;0;1;0;1;0;0;1;1;0;1;7;6;Ganado
1625;1;0;1;0;1;0;1;0;1;0;0;1;0;6;7;Perdido
1626;1;0;1;0;1;0;1;0;1;0;0;1;1;7;6;Ganado
1627;1;0;1;0;1;0;1;0;1;0;1;0;0;6;7;Perdido
1628;1;0;1;0;1;0;1;0;1;0;1;0;1;7;6;Ganado
1629;1;0;1;0;1;0;1;1;0;0;0;1;0;6;7;Perdido
1630;1;0;1;0;1;0;1;1;0;0;0;1;1;7;6;Ganado
1631;1;0;1;0;1;0;1;1;0;0;1;0;0;6;7;Perdido
1632;1;0;1;0;1;0;1;1;0;0;1;0;1;7;6;Ganado
1633;1;0;1;0;1;1;0;0;0;1;0;1;0;6;7;Perdido
1634;1;0;1;0;1;1;0;0;0;1;0;1;1;7;6;Ganado
1635;1;0;1;0;1;1;0;0;0;1;1;0;0;6;7;Perdido
1636;1;0;1;0;1;1;0;0;0;1;1;0;1;7;6;Ganado
1637;1;0;1;0;1;1;0;0;1;0;0;1;0;6;7;Perdido
1638;1;0;1;0;1;1;0;0;1;0;0;1;1;7;6;Ganado
1639;1;0;1;0;1;1;0;0;1;0;1;0;0;6;7;Perdido
1640;1;0;1;0;1;1;0;0;1;0;1;0;1;7;6;Ganado
1641;1;0;1;0;1;1;0;1;0;0;0;1;0;6;7;Perdido
1642;1;0;1;0;1;1;0;1;0;0;0;1;1;7;6;Ganado
1643;1;0;1;0;1;1;0;1;0;0;1;0;0;6;7;Perdido
1644;1;0;1;0;1;1;0;1;0;0;1;0;1;7;6;Ganado
1645;1;0;1;0;1;1;1;0;0;0;0;1;0;6;7;Perdido
1646;1;0;1;0;1;1;1;0;0;0;0;1;1;7;6;Ganado
1647;1;0;1;0;1;1;1;0;0;0;1;0;0;6;7;Perdido
1648;1;0;1;0;1;1;1;0;0;0;1;0;1;7;6;Ganado
1649;1;0;1;1;0;0;0;0;1;1;0;1;0;6;7;Perdido
1650;1;0;1;1;0;0;0;0;1;1;0;1;1;7;6;Ganado
1651;1;0;1;1;0;0;0;0;1;1;1;0;0;6;7;Perdido
1652;1;0;1;1;0;0;0;0;1;1;1;0;1;7;6;Ganado
1653;1;0;1;1;0;0;0;1;0;1;0;1;0;6;7;Perdido
1654;1;0;1;1;0;0;0;1;0;1;0;1;1;7;6;Ganado
1655;1;0;1;1;0;0;0;1;0;1;1;0;0;6;7;Perdido
1656;1;0;1;1;0;0;0;1;0;1;1;0;1;7;6;Ganado
1657;1;0;1;1;0;0;0;1;1;0;0;1;0;6;7;Perdido
1658;1;0;1;1;0;0;0;1;1;0;0;1;1;7;6;Ganado
1659;1;0;1;1;0;0;0;1;1;0;1;0;0;6;7;Perdido
1660;1;0;1;1;0;0;0;1;1;0;1;0;1;7;6;Ganado
1661;1;0;1;1;0;0;1;0;0;1;0;1;0;6;7;Perdido
1662;1;0;1;1;0;0;1;0;0;1;0;1;1;7;6;Ganado
1663;1;0;1;1;0;0;1;0;0;1;1;0;0;6;7;Perdido
1664;1;0;1;1;0;0;1;0;0;1;1;0;1;7;6;Ganado
1665;1;0;1;1;0;0;1;0;1;0;0;1;0;6;7;Perdido
1666;1;0;1;1;0;0;1;0;1;0;0;1;1;7;6;Ganado
1667;1;0;1;1;0;0;1;0;1;0;1;0;0;6;7;Perdido
1668;1;0;1;1;0;0;1;0;1;0;1;0;1;7;6;Ganado
1669;1;0;1;1;0;0;1;1;0;0;0;1;0;6;7;Perdido
1670;1;0;1;1;0;0;1;1;0;0;0;1;1;7;6;Ganado
1671;1;0;1;1;0;0;1;1;0;0;1;0;0;6;7;Perdido
1672;1;0;1;1;0;0;1;1;0;0;1;0;1;7;6;Ganado
1673;1;0;1;1;0;1;0;0;0;1;0;1;0;6;7;Perdido
1674;1;0;1;1;0;1;0;0;0;1;0;1;1;7;6;Ganado
1675;1;0;1;1;0;1;0;0;0;1;1;0;0;6;7;Perdido
1676;1;0;1;1;0;1;0;0;0;1;1;0;1;7;6;Ganado
1677;1;0;1;1;0;1;0;0;1;0;0;1;0;6;7;Perdido
1678;1;0;1;1;0;1;0;0;1;0;0;1;1;7;6;Ganado
1679;1;0;1;1;0;1;0;0;1;0;1;0;0;6;7;Perdido
1680;1;0;1;1;0;1;0;0;1;0;1;0;1;7;6;Ganado
1681;1;0;1;1;0;1;0;1;0;0;0;1;0;6;7;Perdido
1682;1;0;1;1;0;1;0;1;0;0;0;1;1;7;6;Ganado
1683;1;0;1;1;0;1;0;1;0;0;1;0;0;6;7;Perdido
1684;1;0;1;1;0;1;0;1;0;0;1;0;1;7;6;Ganado
1685;1;0;1;1;0;1;1;0;0;0;0;1;0;6;7;Perdido
1686;1;0;1;1;0;1;1;0;0;0;0;1;1;7;6;Ganado
1687;1;0;1;1;0;1;1;0;0;0;1;0;0;6;7;Perdido
1688;1;0;1;1;0;1;1;0;0;0;1;0;1;7;6;Ganado
1689;1;0;1;1;1;0;0;0;0;1;0;1;0;6;7;Perdido
1690;1;0;1;1;1;0;0;0;0;1;0;1;1;7;6;Ganado
1691;1;0;1;1;1;0;0;0;0;1;1;0;0;6;7;Perdido
1692;1;0;1;1;1;0;0;0;0;1;1;0;1;7;6;Ganado
1693;1;0;1;1;1;0;0;0;1;0;0;1;0;6;7;Perdido
1694;1;0;1;1;1;0;0;0;1;0;0;1;1;7;6;Ganado
1695;1;0;1;1;1;0;0;0;1;0;1;0;0;6;7;Perdido
1696;1;0;1;1;1;0;0;0;1;0;1;0;1;7;6;Ganado
1697;1;0;1;1;1;0;0;1;0;0;0;1;0;6;7;Perdido
1698;1;0;1;1;1;0;0;1;0;0;0;1;1;7;6;Ganado
1699;1;0;1;1;1;0;0;1;0;0;1;0;0;6;7;Perdido
1700;1;0;1;1;1;0;0;1;0;0;1;0;1;7;6;Ganado
1701;1;0;1;1;1;0;1;0;0;0;0;1;0;6;7;Perdido
1702;1;0;1;1;1;0;1;0;0;0;0;1;1;7;6;Ganado
1703;1;0;1;1;1;0;1;0;0;0;1;0;0;6;7;Perdido
1704;1;0;1;1;1;0;1;0;0;0;1;0;1;7;6;Ganado
1705;1;0;1;1;1;1;0;0;0;0;0;1;0;6;7;Perdido
1706;1;0;1;1;1;1;0;0;0;0;0;1;1;7;6;Ganado
1707;1;0;1;1;1;1;0;0;0;0;1;0;0;6;7;Perdido
1708;1;0;1;1;1;1;0;0;0;0;1;0;1;7;6;Ganado
1709;1;1;0;0;0;0;0;1;1;1;0;1;0;6;7;Perdido
1710;1;1;0;0;0;0;0;1;1;1;0;1;1;7;6;Ganado
1711;1;1;0;0;0;0;0;1;1;1;1;0;0;6;7;Perdido
1712;1;1;0;0;0;0;0;1;1;1;1;0;1;7;6;Ganado
1713;1;1;0;0;0;0;1;0;1;1;0;1;0;6;7;Perdido
1714;1;1;0;0;0;0;1;0;1;1;0;1;1;7;6;Ganado
1715;1;1;0;0;0;0;1;0;1;1;1;0;0;6;7;Perdido
1716;1;1;0;0;0;0;1;0;1;1;1;0;1;7;6;Ganado
1717;1;1;0;0;0;0;1;1;0;1;0;1;0;6;7;Perdido
1718;1;1;0;0;0;0;1;1;0;1;0;1;1;7;6;Ganado
1719;1;1;0;0;0;0;1;1;0;1;1;0;0;6;7;Perdido
1720;1;1;0;0;0;0;1;1;0;1;1;0;1;7;6;Ganado
1721;1;1;0;0;0;0;1;1;1;0;0;1;0;6;7;Perdido
1722;1;1;0;0;0;0;1;1;1;0;0;1;1;7;6;Ganado
1723;1;1;0;0;0;0;1;1;1;0;1;0;0;6;7;Perdido
1724;1;1;0;0;0;0;1;1;1;0;1;0;1;7;6;Ganado
1725;1;1;0;0;0;1;0;0;1;1;0;1;0;6;7;Perdido
1726;1;1;0;0;0;1;0;0;1;1;0;1;1;7;6;Ganado
1727;1;1;0;0;0;1;0;0;1;1;1;0;0;6;7;Perdido
1728;1;1;0;0;0;1;0;0;1;1;1;0;1;7;6;Ganado
1729;1;1;0;0;0;1;0;1;0;1;0;1;0;6;7;Perdido
1730;1;1;0;0;0;1;0;1;0;1;0;1;1;7;6;Ganado
1731;1;1;0;0;0;1;0;1;0;1;1;0;0;6;7;Perdido
1732;1;1;0;0;0;1;0;1;0;1;1;0;1;7;6;Ganado
1733;1;1;0;0;0;1;0;1;1;0;0;1;0;6;7;Perdido
1734;1;1;0;0;0;1;0;1;1;0;0;1;1;7;6;Ganado
1735;1;1;0;0;0;1;0;1;1;0;1;0;0;6;7;Perdido
1736;1;1;0;0;0;1;0;1;1;0;1;0;1;7;6;Ganado
1737;1;1;0;0;0;1;1;0;0;1;0;1;0;6;7;Perdido
1738;1;1;0;0;0;1;1;0;0;1;0;1;1;7;6;Ganado
1739;1;1;0;0;0;1;1;0;0;1;1;0;0;6;7;Perdido
1740;1;1;0;0;0;1;1;0;0;1;1;0;1;7;6;Ganado
1741;1;1;0;0;0;1;1;0;1;0;0;1;0;6;7;Perdido
1742;1;1;0;0;0;1;1;0;1;0;0;1;1;7;6;Ganado
1743;1;1;0;0;0;1;1;0;1;0;1;0;0;6;7;Perdido
1744;1;1;0;0;0;1;1;0;1;0;1;0;1;7;6;Ganado
1745;1;1;0;0;0;1;1;1;0;0;0;1;0;6;7;Perdido
1746;1;1;0;0;0;1;1;1;0;0;0;1;1;7;6;Ganado
1747;1;1;0;0;0;1;1;1;0;0;1;0;0;6;7;Perdido
1748;1;1;0;0;0;1;1;1;0;0;1;0;1;7;6;Ganado
1749;1;1;0;0;1;0;0;0;1;1;0;1;0;6;7;Perdido
1750;1;1;0;0;1;0;0;0;1;1;0;1;1;7;6;Ganado
1751;1;1;0;0;1;0;0;0;1;1;1;0;0;6;7;Perdido
1752;1;1;0;0;1;0;0;0;1;1;1;0;1;7;6;Ganado
1753;1;1;0;0;1;0;0;1;0;1;0;1;0;6;7;Perdido
1754;1;1;0;0;1;0;0;1;0;1;0;1;1;7;6;Ganado
1755;1;1;0;0;1;0;0;1;0;1;1;0;0;6;7;Perdido
1756;1;1;0;0;1;0;0;1;0;1;1;0;1;7;6;Ganado
1757;1;1;0;0;1;0;0;1;1;0;0;1;0;6;7;Perdido
1758;1;1;0;0;1;0;0;1;1;0;0;1;1;7;6;Ganado
1759;1;1;0;0;1;0;0;1;1;0;1;0;0;6;7;Perdido
1760;1;1;0;0;1;0;0;1;1;0;1;0;1;7;6;Ganado
1761;1;1;0;0;1;0;1;0;0;1;0;1;0;6;7;Perdido
1762;1;1;0;0;1;0;1;0;0;1;0;1;1;7;6;Ganado
1763;1;1;0;0;1;0;1;0;0;1;1;0;0;6;7;Perdido
1764;1;1;0;0;1;0;1;0;0;1;1;0;1;7;6;Ganado
1765;1;1;0;0;1;0;1;0;1;0;0;1;0;6;7;Perdido
1766;1;1;0;0;1;0;1;0;1;0;0;1;1;7;6;Ganado
1767;1;1;0;0;1;0;1;0;1;0;1;0;0;6;7;Perdido
1768;1;1;0;0;1;0;1;0;1;0;1;0;1;7;6;Ganado
1769;1;1;0;0;1;0;1;1;0;0;0;1;0;6;7;Perdido
1770;1;1;0;0;1;0;1;1;0;0;0;1;1;7;6;Ganado
1771;1;1;0;0;1;0;1;1;0;0;1;0;0;6;7;Perdido
1772;1;1;0;0;1;0;1;1;0;0;1;0;1;7;6;Ganado
1773;1;1;0;0;1;1;0;0;0;1;0;1;0;6;7;Perdido
1774;1;1;0;0;1;1;0;0;0;1;0;1;1;7;6;Ganado
1775;1;1;0;0;1;1;0;0;0;1;1;0;0;6;7;Perdido
1776;1;1;0;0;1;1;0;0;0;1;1;0;1;7;6;Ganado
1777;1;1;0;0;1;1;0;0;1;0;0;1;0;6;7;Perdido
1778;1;1;0;0;1;1;0;0;1;0;0;1;1;7;6;Ganado
1779;1;1;0;0;1;1;0;0;1;0;1;0;0;6;7;Perdido
1780;1;1;0;0;1;1;0;0;1;0;1;0;1;7;6;Ganado
1781;1;1;0;0;1;1;0;1;0;0;0;1;0;6;7;Perdido
1782;1;1;0;0;1;1;0;1;0;0;0;1;1;7;6;Ganado
1783;1;1;0;0;1;1;0;1;0;0;1;0;0;6;7;Perdido
1784;1;1;0;0;1;1;0;1;0;0;1;0;1;7;6;Ganado
1785;1;1;0;0;1;1;1;0;0;0;0;1;0;6;7;Perdido
1786;1;1;0;0;1;1;1;0;0;0;0;1;1;7;6;Ganado
1787;1;1;0;0;1;1;1;0;0;0;1;0;0;6;7;Perdido
1788;1;1;0;0;1;1;1;0;0;0;1;0;1;7;6;Ganado
1789;1;1;0;1;0;0;0;0;1;1;0;1;0;6;7;Perdido
1790;1;1;0;1;0;0;0;0;1;1;0;1;1;7;6;Ganado
1791;1;1;0;1;0;0;0;0;1;1;1;0;0;6;7;Perdido
1792;1;1;0;1;0;0;0;0;1;1;1;0;1;7;6;Ganado
1793;1;1;0;1;0;0;0;1;0;1;0;1;0;6;7;Perdido
1794;1;1;0;1;0;0;0;1;0;1;0;1;1;7;6;Ganado
1795;1;1;0;1;0;0;0;1;0;1;1;0;0;6;7;Perdido
1796;1;1;0;1;0;0;0;1;0;1;1;0;1;7;6;Ganado
1797;1;1;0;1;0;0;0;1;1;0;0;1;0;6;7;Perdido
1798;1;1;0;1;0;0;0;1;1;0;0;1;1;7;6;Ganado
1799;1;1;0;1;0;0;0;1;1;0;1;0;0;6;7;Perdido
1800;1;1;0;1;0;0;0;1;1;0;1;0;1;7;6;Ganado
1801;1;1;0;1;0;0;1;0;0;1;0;1;0;6;7;Perdido
1802;1;1;0;1;0;0;1;0;0;1;0;1;1;7;6;Ganado
1803;1;1;0;1;0;0;1;0;0;1;1;0;0;6;7;Perdido
1804;1;1;0;1;0;0;1;0;0;1;1;0;1;7;6;Ganado
1805;1;1;0;1;0;0;1;0;1;0;0;1;0;6;7;Perdido
1806;1;1;0;1;0;0;1;0;1;0;0;1;1;7;6;Ganado
1807;1;1;0;1;0;0;1;0;1;0;1;0;0;6;7;Perdido
1808;1;1;0;1;0;0;1;0;1;0;1;0;1;7;6;Ganado
1809;1;1;0;1;0;0;1;1;0;0;0;1;0;6;7;Perdido
1810;1;1;0;1;0;0;1;1;0;0;0;1;1;7;6;Ganado
1811;1;1;0;1;0;0;1;1;0;0;1;0;0;6;7;Perdido
1812;1;1;0;1;0;0;1;1;0;0;1;0;1;7;6;Ganado
1813;1;1;0;1;0;1;0;0;0;1;0;1;0;6;7;Perdido
1814;1;1;0;1;0;1;0;0;0;1;0;1;1;7;6;Ganado
1815;1;1;0;1;0;1;0;0;0;1;1;0;0;6;7;Perdido
1816;1;1;0;1;0;1;0;0;0;1;1;0;1;7;6;Ganado
1817;1;1;0;1;0;1;0;0;1;0;0;1;0;6;7;Perdido
1818;1;1;0;1;0;1;0;0;1;0;0;1;1;7;6;Ganado
1819;1;1;0;1;0;1;0;0;1;0;1;0;0;6;7;Perdido
1820;1;1;0;1;0;1;0;0;1;0;1;0;1;7;6;Ganado
1821;1;1;0;1;0;1;0;1;0;0;0;1;0;6;7;Perdido
1822;1;1;0;1;0;1;0;1;0;0;0;1;1;7;6;Ganado
1823;1;1;0;1;0;1;0;1;0;0;1;0;0;6;7;Perdido
1824;1;1;0;1;0;1;0;1;0;0;1;0;1;7;6;Ganado
1825;1;1;0;1;0;1;1;0;0;0;0;1;0;6;7;Perdido
1826;1;1;0;1;0;1;1;0;0;0;0;1;1;7;6;Ganado
1827;1;1;0;1;0;1;1;0;0;0;1;0;0;6;7;Perdido
1828;1;1;0;1;0;1;1;0;0;0;1;0;1;7;6;Ganado
1829;1;1;0;1;1;0;0;0;0;1;0;1;0;6;7;Perdido
1830;1;1;0;1;1;0;0;0;0;1;0;1;1;7;6;Ganado
1831;1;1;0;1;1;0;0;0;0;1;1;0;0;6;7;Perdido
1832;1;1;0;1;1;0;0;0;0;1;1;0;1;7;6;Ganado
1833;1;1;0;1;1;0;0;0;1;0;0;1;0;6;7;Perdido
1834;1;1;0;1;1;0;0;0;1;0;0;1;1;7;6;Ganado
1835;1;1;0;1;1;0;0;0;1;0;1;0;0;6;7;Perdido
1836;1;1;0;1;1;0;0;0;1;0;1;0;1;7;6;Ganado
1837;1;1;0;1;1;0;0;1;0;0;0;1;0;6;7;Perdido
1838;1;1;0;1;1;0;0;1;0;0;0;1;1;7;6;Ganado
1839;1;1;0;1;1;0;0;1;0;0;1;0;0;6;7;Perdido
1840;1;1;0;1;1;0;0;1;0;0;1;0;1;7;6;Ganado
1841;1;1;0;1;1;0;1;0;0;0;0;1;0;6;7;Perdido
1842;1;1;0;1;1;0;1;0;0;0;0;1;1;7;6;Ganado
1843;1;1;0;1;1;0;1;0;0;0;1;0;0;6;7;Perdido
1844;1;1;0;1;1;0;1;0;0;0;1;0;1;7;6;Ganado
1845;1;1;0;1;1;1;0;0;0;0;0;1;0;6;7;Perdido
1846;1;1;0;1;1;1;0;0;0;0;0;1;1;7;6;Ganado
1847;1;1;0;1;1;1;0;0;0;0;1;0;0;6;7;Perdido
1848;1;1;0;1;1;1;0;0;0;0;1;0;1;7;6;Ganado
1849;1;1;1;0;0;0;0;0;1;1;0;1;0;6;7;Perdido
1850;1;1;1;0;0;0;0;0;1;1;0;1;1;7;6;Ganado
1851;1;1;1;0;0;0;0;0;1;1;1;0;0;6;7;Perdido
1852;1;1;1;0;0;0;0;0;1;1;1;0;1;7;6;Ganado
1853;1;1;1;0;0;0;0;1;0;1;0;1;0;6;7;Perdido
1854;1;1;1;0;0;0;0;1;0;1;0;1;1;7;6;Ganado
1855;1;1;1;0;0;0;0;1;0;1;1;0;0;6;7;Perdido
1856;1;1;1;0;0;0;0;1;0;1;1;0;1;7;6;Ganado
1857;1;1;1;0;0;0;0;1;1;0;0;1;0;6;7;Perdido
1858;1;1;1;0;0;0;0;1;1;0;0;1;1;7;6;Ganado
1859;1;1;1;0;0;0;0;1;1;0;1;0;0;6;7;Perdido
1860;1;1;1;0;0;0;0;1;1;0;1;0;1;7;6;Ganado
1861;1;1;1;0;0;0;1;0;0;1;0;1;0;6;7;Perdido
1862;1;1;1;0;0;0;1;0;0;1;0;1;1;7;6;Ganado
1863;1;1;1;0;0;0;1;0;0;1;1;0;0;6;7;Perdido
1864;1;1;1;0;0;0;1;0;0;1;1;0;1;7;6;Ganado
1865;1;1;1;0;0;0;1;0;1;0;0;1;0;6;7;Perdido
1866;1;1;1;0;0;0;1;0;1;0;0;1;1;7;6;Ganado
1867;1;1;1;0;0;0;1;0;1;0;1;0;0;6;7;Perdido
1868;1;1;1;0;0;0;1;0;1;0;1;0;1;7;6;Ganado
1869;1;1;1;0;0;0;1;1;0;0;0;1;0;6;7;Perdido
1870;1;1;1;0;0;0;1;1;0;0;0;1;1;7;6;Ganado
1871;1;1;1;0;0;0;1;1;0;0;1;0;0;6;7;Perdido
1872;1;1;1;0;0;0;1;1;0;0;1;0;1;7;6;Ganado
1873;1;1;1;0;0;1;0;0;0;1;0;1;0;6;7;Perdido
1874;1;1;1;0;0;1;0;0;0;1;0;1;1;7;6;Ganado
1875;1;1;1;0;0;1;0;0;0;1;1;0;0;6;7;Perdido
1876;1;1;1;0;0;1;0;0;0;1;1;0;1;7;6;Ganado
1877;1;1;1;0;0;1;0;0;1;0;0;1;0;6;7;Perdido
1878;1;1;1;0;0;1;0;0;1;0;0;1;1;7;6;Ganado
1879;1;1;1;0;0;1;0;0;1;0;1;0;0;6;7;Perdido
1880;1;1;1;0;0;1;0;0;1;0;1;0;1;7;6;Ganado
1881;1;1;1;0;0;1;0;1;0;0;0;1;0;6;7;Perdido
1882;1;1;1;0;0;1;0;1;0;0;0;1;1;7;6;Ganado
1883;1;1;1;0;0;1;0;1;0;0;1;0;0;6;7;Perdido
1884;1;1;1;0;0;1;0;1;0;0;1;0;1;7;6;Ganado
1885;1;1;1;0;0;1;1;0;0;0;0;1;0;6;7;Perdido
1886;1;1;1;0;0;1;1;0;0;0;0;1;1;7;6;Ganado
1887;1;1;1;0;0;1;1;0;0;0;1;0;0;6;7;Perdido
1888;1;1;1;0;0;1;1;0;0;0;1;0;1;7;6;Ganado
1889;1;1;1;0;1;0;0;0;0;1;0;1;0;6;7;Perdido
1890;1;1;1;0;1;0;0;0;0;1;0;1;1;7;6;Ganado
1891;1;1;1;0;1;0;0;0;0;1;1;0;0;6;7;Perdido
1892;1;1;1;0;1;0;0;0;0;1;1;0;1;7;6;Ganado
1893;1;1;1;0;1;0;0;0;1;0;0;1;0;6;7;Perdido
1894;1;1;1;0;1;0;0;0;1;0;0;1;1;7;6;Ganado
1895;1;1;1;0;1;0;0;0;1;0;1;0;0;6;7;Perdido
1896;1;1;1;0;1;0;0;0;1;0;1;0;1;7;6;Ganado
1897;1;1;1;0;1;0;0;1;0;0;0;1;0;6;7;Perdido
1898;1;1;1;0;1;0;0;1;0;0;0;1;1;7;6;Ganado
1899;1;1;1;0;1;0;0;1;0;0;1;0;0;6;7;Perdido
1900;1;1;1;0;1;0;0;1;0;0;1;0;1;7;6;Ganado
1901;1;1;1;0;1;0;1;0;0;0;0;1;0;6;7;Perdido
1902;1;1;1;0;1;0;1;0;0;0;0;1;1;7;6;Ganado
1903;1;1;1;0;1;0;1;0;0;0;1;0;0;6;7;Perdido
1904;1;1;1;0;1;0;1;0;0;0;1;0;1;7;6;Ganado
1905;1;1;1;0;1;1;0;0;0;0;0;1;0;6;7;Perdido
1906;1;1;1;0;1;1;0;0;0;0;0;1;1;7;6;Ganado
1907;1;1;1;0;1;1;0;0;0;0;1;0;0;6;7;Perdido
1908;1;1;1;0;1;1;0;0;0;0;1;0;1;7;6;Ganado
1909;1;1;1;1;0;0;0;0;0;1;0;1;0;6;7;Perdido
1910;1;1;1;1;0;0;0;0;0;1;0;1;1;7;6;Ganado
1911;1;1;1;1;0;0;0;0;0;1;1;0;0;6;7;Perdido
1912;1;1;1;1;0;0;0;0;0;1;1;0;1;7;6;Ganado
1913;1;1;1;1;0;0;0;0;1;0;0;1;0;6;7;Perdido
1914;1;1;1;1;0;0;0;0;1;0;0;1;1;7;6;Ganado
1915;1;1;1;1;0;0;0;0;1;0;1;0;0;6;7;Perdido
1916;1;1;1;1;0;0;0;0;1;0;1;0;1;7;6;Ganado
1917;1;1;1;1;0;0;0;1;0;0;0;1;0;6;7;Perdido
1918;1;1;1;1;0;0;0;1;0;0;0;1;1;7;6;Ganado
1919;1;1;1;1;0;0;0;1;0;0;1;0;0;6;7;Perdido
1920;1;1;1;1;0;0;0;1;0;0;1;0;1;7;6;Ganado
1921;1;1;1;1;0;0;1;0;0;0;0;1;0;6;7;Perdido
1922;1;1;1;1;0;0;1;0;0;0;0;1;1;7;6;Ganado
1923;1;1;1;1;0;0;1;0;0;0;1;0;0;6;7;Perdido
1924;1;1;1;1;0;0;1;0;0;0;1;0;1;7;6;Ganado
1925;1;1;1;1;0;1;0;0;0;0;0;1;0;6;7;Perdido
1926;1;1;1;1;0;1;0;0;0;0;0;1;1;7;6;Ganado
1927;1;1;1;1;0;1;0;0;0;0;1;0;0;6;7;Perdido
1928;1;1;1;1;0;1;0;0;0;0;1;0;1;7;6;Ganado
1929;1;1;1;1;1;0;0;0;0;0;0;1;0;6;7;Perdido
1930;1;1;1;1;1;0;0;0;0;0;0;1;1;7;6;Ganado
1931;1;1;1;1;1;0;0;0;0;0;1;0;0;6;7;Perdido
1932;1;1;1;1;1;0;0;0;0;0;1;0;1;7;6;Ganado